"","Name","adj.P.Val","P.Value","logFC"
"1","IFI27",1.68e-24,3.44e-29,5.19
"2","TXN",1.95e-15,7.99e-20,0.827
"3","TXN",3.9e-15,2.4e-19,0.838
"4","TIMD4",1.06e-13,8.69e-18,2.33
"5","SYT17",1.34e-13,1.37e-17,-1.07
"6","PTTG3P",1.36e-13,1.72e-17,1.09
"7","PTTG1",1.36e-13,1.96e-17,1.08
"8","CDHR3",1.98e-13,3.24e-17,-1.27
"9","VAV3-AS1",3.02e-13,5.57e-17,-1.44
"10","CENPW",3.97e-13,8.13e-17,0.854
"11","",8.75e-13,1.97e-16,1.01
"12","LRRC26",1.18e-12,2.91e-16,-1.22
"13","SLC30A1",2.6e-12,6.92e-16,0.84
"14","HMGB2",3.06e-12,8.79e-16,0.819
"15","LGALS1",4.19e-12,1.29e-15,0.957
"16","SPRY1",5.25e-12,1.72e-15,-1.1
"17","CD1C",8.81e-12,3.07e-15,-1.02
"18","FBXO6",1.16e-11,4.29e-15,1.24
"19","",1.68e-11,6.54e-15,-1.69
"20","IFITM3",1.79e-11,7.34e-15,1.92
"21","PRRT2",1.91e-11,8.24e-15,-0.843
"22","MCM10",2.07e-11,9.34e-15,1.46
"23","PTTG1",3.2e-11,1.53e-14,0.978
"24","",3.2e-11,1.57e-14,-1.04
"25","ADAM28",3.3e-11,1.69e-14,-1.34
"26","",3.62e-11,1.93e-14,-1.05
"27","TCTN1",4.6e-11,2.55e-14,-0.997
"28","",6.14e-11,3.52e-14,-1.17
"29","",6.28e-11,3.73e-14,1.29
"30","H2AFJ",9.61e-11,5.91e-14,0.83
"31","H1F0",9.62e-11,6.11e-14,1.19
"32","RPS6KA5",1.06e-10,7.03e-14,-0.686
"33","ATOX1",1.06e-10,7.2e-14,0.622
"34","MT1G",1.29e-10,9.24e-14,1.49
"35","GPR84",1.32e-10,9.73e-14,2.2
"36","SLC30A1",1.53e-10,1.16e-13,0.829
"37","GMNN",2.51e-10,2e-13,0.95
"38","DCANP1",4.03e-10,3.31e-13,-0.796
"39","HIP1R",4.17e-10,3.5e-13,-0.893
"40","RNASE2",5.13e-10,4.41e-13,1.62
"41","HMMR",5.48e-10,4.89e-13,1.34
"42","SPA17",5.48e-10,4.94e-13,0.762
"43","ZBTB20",5.92e-10,5.45e-13,-0.778
"44","GINS2",6.55e-10,6.22e-13,1.1
"45","HMMR",6.55e-10,6.3e-13,1.33
"46","",6.63e-10,6.64e-13,-0.775
"47","DEPDC1B",6.63e-10,6.67e-13,1.36
"48","CXCR5",6.63e-10,6.8e-13,-1.06
"49","TMEM167A",6.63e-10,6.93e-13,0.712
"50","",7.35e-10,7.83e-13,-0.677
"51","",7.82e-10,8.49e-13,-1.37
"52","OASL",8.06e-10,8.92e-13,1.85
"53","",9.98e-10,1.12e-12,-0.954
"54","",1.03e-09,1.18e-12,-1.13
"55","MARCH9",1.03e-09,1.21e-12,-0.584
"56","",1.06e-09,1.26e-12,1.26
"57","",1.07e-09,1.29e-12,-0.766
"58","KIAA0101",1.18e-09,1.44e-12,1.42
"59","CDKN3",1.23e-09,1.58e-12,1.33
"60","SCMH1",1.23e-09,1.58e-12,-0.795
"61","CDC45",1.23e-09,1.63e-12,1.41
"62","HJURP",1.23e-09,1.63e-12,1.19
"63","",1.33e-09,1.8e-12,-1.52
"64","ZNF287",1.43e-09,1.97e-12,-0.646
"65","HIST2H2AC",1.46e-09,2.04e-12,0.968
"66","",1.8e-09,2.54e-12,1.08
"67","FCRL2",1.8e-09,2.58e-12,-1.51
"68","DESI1",1.91e-09,2.81e-12,0.535
"69","NCAPG",1.91e-09,2.82e-12,1.16
"70","CLN8",1.91e-09,2.85e-12,-1.21
"71","LINC00936",1.99e-09,3.02e-12,-0.804
"72","",2.05e-09,3.15e-12,-1.11
"73","",2.1e-09,3.26e-12,-1.39
"74","",2.1e-09,3.31e-12,-1.18
"75","MCEMP1",2.29e-09,3.66e-12,1.88
"76","",2.44e-09,3.96e-12,-1.24
"77","",2.46e-09,4.03e-12,-0.956
"78","DTL",2.6e-09,4.45e-12,1.39
"79","CTGF",2.6e-09,4.46e-12,-1.29
"80","",2.6e-09,4.46e-12,-1.35
"81","CD1E",2.6e-09,4.48e-12,-0.761
"82","KIF15",2.66e-09,4.64e-12,0.943
"83","ISG15",2.68e-09,4.73e-12,1.78
"84","",2.77e-09,4.93e-12,1.17
"85","RSAD2",2.85e-09,5.15e-12,2.25
"86","S100A12",2.87e-09,5.24e-12,1.66
"87","CCNA2",2.91e-09,5.36e-12,1.2
"88","CAMK1D",3.23e-09,6.02e-12,-0.822
"89","",3.28e-09,6.18e-12,-1.17
"90","CDK1",3.29e-09,6.27e-12,1.37
"91","PPP1R13B",3.83e-09,7.38e-12,-0.748
"92","",3.86e-09,7.56e-12,-0.792
"93","SLC26A8",4.54e-09,9.11e-12,1.86
"94","NOL9",5.16e-09,1.05e-11,-0.95
"95","OTOF",5.26e-09,1.08e-11,3.23
"96","HP",5.4e-09,1.13e-11,2.62
"97","GYG1",5.4e-09,1.13e-11,1.14
"98","PYCARD",6.72e-09,1.42e-11,0.561
"99","CENPA",6.73e-09,1.43e-11,1.24
"100","BST1",7.17e-09,1.54e-11,1.19
"101","CKS2",7.36e-09,1.61e-11,0.65
"102","CKS2",7.36e-09,1.61e-11,0.712
"103","",7.48e-09,1.66e-11,-1.3
"104","",7.55e-09,1.69e-11,-1.28
"105","CYSTM1",7.96e-09,1.8e-11,1.57
"106","SLC9A7",8.02e-09,1.82e-11,-0.581
"107","OIP5",8.04e-09,1.85e-11,1.13
"108","LMNB1",8.05e-09,1.86e-11,1.06
"109","ADAM28",8.26e-09,1.93e-11,-1.55
"110","AFMID",8.26e-09,1.95e-11,1.56
"111","LOC100505715",8.64e-09,2.05e-11,-0.672
"112","IFITM1",1.09e-08,2.61e-11,0.685
"113","EIF3J-AS1",1.11e-08,2.69e-11,-0.665
"114","STIM2",1.23e-08,3.01e-11,-0.736
"115","FCGR1A",1.31e-08,3.24e-11,1.8
"116","",1.31e-08,3.25e-11,-0.993
"117","UBE2S",1.31e-08,3.3e-11,0.68
"118","PARVB",1.31e-08,3.3e-11,-0.824
"119","TFE3",1.32e-08,3.35e-11,0.651
"120","CEP55",1.33e-08,3.4e-11,1.16
"121","SMYD2",1.36e-08,3.53e-11,-0.907
"122","FXYD6",1.36e-08,3.54e-11,0.843
"123","ETNK1",1.37e-08,3.61e-11,0.524
"124","FCGR1A",1.38e-08,3.69e-11,1.63
"125","RASSF6",1.38e-08,3.71e-11,-0.687
"126","",1.38e-08,3.73e-11,0.681
"127","MELK",1.38e-08,3.76e-11,1.42
"128","",1.48e-08,4.06e-11,-1.24
"129","MND1",1.59e-08,4.4e-11,1.04
"130","SNX29",1.64e-08,4.56e-11,-1.34
"131","SLC38A1",1.68e-08,4.7e-11,-0.744
"132","CNIH4",1.7e-08,4.8e-11,0.639
"133","C21orf2",1.84e-08,5.24e-11,-0.618
"134","PDE7B",1.87e-08,5.36e-11,-0.748
"135","FCGR1B",1.88e-08,5.43e-11,1.81
"136","HBBP1",1.89e-08,5.53e-11,2.88
"137","FCGR1B",1.89e-08,5.54e-11,1.78
"138","",2.07e-08,6.11e-11,-0.855
"139","MTHFD2",2.12e-08,6.3e-11,0.667
"140","IL1RN",2.14e-08,6.39e-11,1.28
"141","CREG1",2.17e-08,6.55e-11,1.01
"142","CCNG2",2.17e-08,6.59e-11,-0.57
"143","CHRNA5",2.21e-08,6.76e-11,-0.997
"144","ABCB1",2.25e-08,6.92e-11,-1.02
"145","TFDP1",2.3e-08,7.12e-11,0.816
"146","CMAS",2.31e-08,7.19e-11,0.547
"147","COX5B",2.32e-08,7.29e-11,0.541
"148","CDCA5",2.38e-08,7.5e-11,1.22
"149","STOM",2.42e-08,7.73e-11,1.27
"150","",2.42e-08,7.75e-11,-0.62
"151","MS4A4A",2.48e-08,7.99e-11,1.49
"152","",2.59e-08,8.37e-11,-1.07
"153","MT1A",2.75e-08,8.98e-11,0.98
"154","",2.75e-08,9.03e-11,-0.847
"155","",2.88e-08,9.49e-11,-1.37
"156","PSMA6",2.91e-08,9.66e-11,0.568
"157","CAMK1D",3.07e-08,1.02e-10,-0.753
"158","MEF2D",3.08e-08,1.04e-10,-0.741
"159","KIF20A",3.08e-08,1.04e-10,1.27
"160","",3.09e-08,1.05e-10,-1.33
"161","CDCA3",3.16e-08,1.08e-10,1.2
"162","CCNB1",3.27e-08,1.13e-10,1.01
"163","HIP1R",3.29e-08,1.15e-10,-1.12
"164","AGTRAP",3.29e-08,1.15e-10,0.784
"165","",3.33e-08,1.18e-10,0.775
"166","",3.33e-08,1.18e-10,-1.22
"167","EPSTI1",3.4e-08,1.21e-10,1.24
"168","ZBTB20",3.53e-08,1.27e-10,-0.741
"169","BLOC1S1",3.89e-08,1.41e-10,0.692
"170","",3.93e-08,1.44e-10,-0.742
"171","",4.01e-08,1.49e-10,-1.14
"172","CNNM3",4.22e-08,1.57e-10,-0.63
"173","AURKB",4.24e-08,1.59e-10,1.28
"174","CARD6",4.3e-08,1.62e-10,0.792
"175","CLEC4D",4.3e-08,1.63e-10,1.56
"176","",4.36e-08,1.66e-10,-0.896
"177","RAB11FIP4",4.38e-08,1.68e-10,-0.713
"178","TTK",4.4e-08,1.69e-10,1.1
"179","RPS7",4.41e-08,1.71e-10,0.704
"180","SEPT6",4.55e-08,1.78e-10,-0.721
"181","POLE2",4.55e-08,1.78e-10,0.871
"182","FZD3",4.56e-08,1.8e-10,-0.571
"183","ARG1",4.56e-08,1.8e-10,2.25
"184","LCOR",5.03e-08,2e-10,-0.593
"185","",5.06e-08,2.02e-10,-1.1
"186","LMO2",5.06e-08,2.03e-10,0.756
"187","",5.15e-08,2.08e-10,-0.752
"188","SMARCD3",5.16e-08,2.1e-10,0.858
"189","HEATR3",5.16e-08,2.1e-10,-0.999
"190","BCL11A",5.19e-08,2.13e-10,-0.565
"191","",5.19e-08,2.14e-10,-1.09
"192","FAM159A",5.24e-08,2.17e-10,-1.1
"193","PPIAL4G",5.39e-08,2.25e-10,-1.26
"194","",5.39e-08,2.26e-10,-0.739
"195","ZNF483",5.39e-08,2.26e-10,-1.14
"196","KIAA0355",5.5e-08,2.32e-10,-0.582
"197","NOV",5.63e-08,2.39e-10,-1.31
"198","GGH",5.83e-08,2.49e-10,1.01
"199","ZNF394",5.83e-08,2.5e-10,-0.903
"200","DEFA1",5.9e-08,2.55e-10,2.39
"201","",5.92e-08,2.58e-10,-0.928
"202","",5.92e-08,2.58e-10,-0.949
"203","KRT9",5.95e-08,2.61e-10,-0.818
"204","ERAP2",6e-08,2.64e-10,-0.765
"205","FCMR",6.14e-08,2.72e-10,-0.812
"206","",6.19e-08,2.75e-10,-0.93
"207","MCTS1",6.22e-08,2.78e-10,0.527
"208","",6.22e-08,2.79e-10,-1.28
"209","",6.37e-08,2.87e-10,-1.52
"210","RAPGEF6",6.54e-08,2.96e-10,-0.543
"211","HYAL2",6.68e-08,3.04e-10,0.769
"212","MGST1",6.68e-08,3.05e-10,0.924
"213","ZMAT3",6.76e-08,3.11e-10,-0.772
"214","ANKRD22",6.76e-08,3.12e-10,1.95
"215","TMEM217",6.76e-08,3.13e-10,0.772
"216","MEF2C",6.83e-08,3.18e-10,-0.894
"217","TDRD1",6.93e-08,3.24e-10,-0.976
"218","",6.99e-08,3.28e-10,-0.83
"219","ADD2",7.25e-08,3.43e-10,-0.827
"220","ANXA3",7.25e-08,3.43e-10,1.65
"221","CTGF",7.42e-08,3.57e-10,-1.09
"222","TRIM6",7.42e-08,3.57e-10,1.35
"223","BCL2L11",7.42e-08,3.58e-10,0.775
"224","ANKRD16",7.42e-08,3.59e-10,-0.811
"225","RBX1",7.42e-08,3.59e-10,0.634
"226","CARD16",7.5e-08,3.64e-10,0.997
"227","",7.54e-08,3.68e-10,-0.896
"228","UPF2",7.55e-08,3.7e-10,-0.548
"229","",7.56e-08,3.72e-10,1.74
"230","HIST1H1C",7.58e-08,3.74e-10,0.97
"231","",7.6e-08,3.78e-10,-1.07
"232","MT2A",7.6e-08,3.78e-10,1.14
"233","HNRNPU",7.75e-08,3.87e-10,-1.02
"234","MELK",7.76e-08,3.9e-10,1.17
"235","HIST2H2AA3",8.07e-08,4.07e-10,0.92
"236","SLC27A2",8.25e-08,4.18e-10,1.08
"237","",8.25e-08,4.22e-10,1.69
"238","CKAP2L",8.25e-08,4.22e-10,1.19
"239","",8.25e-08,4.23e-10,-1.04
"240","BCAT1",8.26e-08,4.25e-10,0.798
"241","FUT6",8.66e-08,4.49e-10,-1.09
"242","MBTD1",8.79e-08,4.57e-10,-1.01
"243","SPC25",8.89e-08,4.66e-10,1.03
"244","SQRDL",8.9e-08,4.71e-10,0.642
"245","GDPD1",9.3e-08,4.94e-10,-0.801
"246","VPS13A",9.48e-08,5.05e-10,-0.658
"247","CDT1",9.48e-08,5.07e-10,1.22
"248","LOC286437",9.53e-08,5.12e-10,-1
"249","ZNF426",9.57e-08,5.15e-10,-0.507
"250","",9.62e-08,5.25e-10,-1.03
"251","SLPI",9.62e-08,5.25e-10,2.07
"252","CAMP",9.62e-08,5.27e-10,2.07
"253","MYO3B",9.63e-08,5.29e-10,-1.12
"254","AGTRAP",9.65e-08,5.32e-10,0.765
"255","DEFA3",9.79e-08,5.43e-10,2.59
"256","ADK",9.79e-08,5.44e-10,-0.822
"257","UBE2C",9.8e-08,5.46e-10,1.07
"258","MCHR2",9.92e-08,5.56e-10,-1
"259","TPX2",9.92e-08,5.57e-10,1.14
"260","DEFA1B",9.92e-08,5.59e-10,2.67
"261","DEFA1",1.02e-07,5.77e-10,2.66
"262","TYMS",1.02e-07,5.81e-10,1.24
"263","C2orf15",1.02e-07,5.85e-10,-0.769
"264","PDP2",1.02e-07,5.87e-10,-0.726
"265","TFDP1",1.02e-07,5.87e-10,0.797
"266","UBR3",1.02e-07,5.92e-10,-0.51
"267","BAMBI",1.02e-07,5.93e-10,1.22
"268","ZNF577",1.03e-07,5.97e-10,-1.06
"269","C2",1.04e-07,6.05e-10,0.996
"270","TNFSF15",1.06e-07,6.2e-10,-1.09
"271","",1.07e-07,6.27e-10,1.04
"272","ZNF69",1.07e-07,6.34e-10,-1.05
"273","HYPK",1.13e-07,6.68e-10,-1.02
"274","HYKK",1.14e-07,6.76e-10,-1.25
"275","SAMSN1",1.14e-07,6.78e-10,0.772
"276","SHROOM4",1.14e-07,6.8e-10,-0.916
"277","OASL",1.18e-07,7.12e-10,1.8
"278","HNRNPLL",1.18e-07,7.15e-10,0.723
"279","SEMA3E",1.21e-07,7.33e-10,-1.01
"280","JAK2",1.22e-07,7.47e-10,0.666
"281","FOXO1",1.25e-07,7.67e-10,-0.577
"282","DEFA3",1.25e-07,7.73e-10,2.62
"283","",1.26e-07,7.81e-10,1.06
"284","ZNF585A",1.26e-07,7.85e-10,-0.787
"285","BACH2",1.32e-07,8.26e-10,-0.749
"286","TPD52",1.33e-07,8.32e-10,-0.764
"287","SH3GLB1",1.33e-07,8.37e-10,0.602
"288","FMC1",1.33e-07,8.4e-10,-1.1
"289","BLZF1",1.34e-07,8.49e-10,-1.13
"290","METTL9",1.36e-07,8.66e-10,0.812
"291","BPGM",1.36e-07,8.7e-10,1.93
"292","GALK2",1.37e-07,8.73e-10,-0.779
"293","MRPL33",1.37e-07,8.81e-10,0.505
"294","LMOD3",1.37e-07,8.83e-10,-1.11
"295","GAPDH",1.37e-07,8.87e-10,0.572
"296","PSTPIP2",1.38e-07,8.94e-10,0.864
"297","PPID",1.38e-07,8.98e-10,0.905
"298","ZNF264",1.38e-07,8.98e-10,-0.855
"299","",1.41e-07,9.22e-10,-0.699
"300","KIAA0408",1.41e-07,9.26e-10,-0.84
"301","BANP",1.42e-07,9.37e-10,-0.504
"302","SMIM14",1.42e-07,9.37e-10,-0.513
"303","TK1",1.42e-07,9.37e-10,1.05
"304","MND1",1.43e-07,9.51e-10,0.978
"305","PPIAL4C",1.43e-07,9.52e-10,-1.42
"306","HIST2H2AA3",1.45e-07,9.65e-10,0.978
"307","",1.47e-07,9.85e-10,-0.861
"308","LOC101928370",1.47e-07,9.94e-10,-0.695
"309","",1.48e-07,9.98e-10,-0.898
"310","",1.5e-07,1.02e-09,-1.31
"311","TGFBR2",1.51e-07,1.03e-09,-1.27
"312","",1.52e-07,1.04e-09,-0.948
"313","CST7",1.52e-07,1.04e-09,1.1
"314","TRIM13",1.54e-07,1.06e-09,-0.561
"315","ZNF773",1.54e-07,1.07e-09,-0.793
"316","",1.54e-07,1.07e-09,-1.31
"317","LARGE1",1.58e-07,1.1e-09,-1.18
"318","",1.58e-07,1.1e-09,-1.36
"319","RAB34",1.59e-07,1.11e-09,0.738
"320","",1.59e-07,1.11e-09,0.586
"321","",1.61e-07,1.13e-09,-0.676
"322","SERPINB1",1.62e-07,1.14e-09,0.77
"323","",1.65e-07,1.17e-09,-1.15
"324","",1.78e-07,1.27e-09,-0.849
"325","ANKRD44",1.78e-07,1.28e-09,-1.42
"326","DUSP8",1.82e-07,1.31e-09,-0.902
"327","PURA",1.83e-07,1.32e-09,-0.551
"328","AMOT",1.92e-07,1.39e-09,-0.647
"329","PNPLA7",1.92e-07,1.4e-09,-0.654
"330","",1.93e-07,1.41e-09,0.812
"331","CREB1",1.93e-07,1.41e-09,-0.816
"332","UHRF1",1.94e-07,1.42e-09,1.22
"333","CEP19",1.94e-07,1.43e-09,-0.828
"334","",1.94e-07,1.43e-09,-0.977
"335","",1.94e-07,1.44e-09,-0.879
"336","HTR3A",1.96e-07,1.45e-09,-0.991
"337","DEFA4",1.98e-07,1.47e-09,2.8
"338","MR1",2.03e-07,1.51e-09,0.501
"339","MMP28",2.11e-07,1.58e-09,-0.582
"340","",2.17e-07,1.63e-09,-0.77
"341","DOK3",2.18e-07,1.65e-09,0.74
"342","",2.22e-07,1.68e-09,-1.41
"343","ANLN",2.22e-07,1.68e-09,0.888
"344","CD36",2.23e-07,1.7e-09,0.767
"345","DCAF5",2.23e-07,1.71e-09,-0.544
"346","ERP44",2.25e-07,1.73e-09,-0.815
"347","PPTC7",2.26e-07,1.74e-09,-0.651
"348","OAS1",2.26e-07,1.75e-09,1.98
"349","ANKRD22",2.26e-07,1.75e-09,1.8
"350","RAB9B",2.33e-07,1.81e-09,-0.655
"351","CMPK2",2.33e-07,1.82e-09,1.73
"352","",2.42e-07,1.91e-09,-1.08
"353","",2.42e-07,1.91e-09,-1.03
"354","ITCH-IT1",2.42e-07,1.92e-09,-0.945
"355","",2.42e-07,1.93e-09,-0.956
"356","BCL11A",2.42e-07,1.93e-09,-0.608
"357","C1QB",2.45e-07,1.96e-09,1.77
"358","FABP5",2.47e-07,1.98e-09,0.824
"359","",2.47e-07,1.99e-09,-1.08
"360","NLRP1",2.47e-07,1.99e-09,-0.831
"361","ATG9B",2.48e-07,2e-09,-0.631
"362","GVINP1",2.51e-07,2.03e-09,-0.866
"363","ATRN",2.51e-07,2.04e-09,-0.606
"364","",2.52e-07,2.05e-09,-1.09
"365","",2.55e-07,2.08e-09,-0.704
"366","IFI35",2.56e-07,2.09e-09,0.944
"367","ELL2",2.56e-07,2.1e-09,0.837
"368","ARL 16.00",2.63e-07,2.17e-09,-0.889
"369","NUSAP1",2.63e-07,2.17e-09,0.826
"370","EXO5",2.64e-07,2.19e-09,-0.884
"371","",2.64e-07,2.19e-09,-0.987
"372","DMWD",2.65e-07,2.21e-09,-0.541
"373","LOC100419583",2.72e-07,2.27e-09,0.802
"374","HK3",2.74e-07,2.29e-09,1.15
"375","GSTCD",2.74e-07,2.3e-09,-0.501
"376","GNG5",2.74e-07,2.3e-09,0.544
"377","AFF3",2.74e-07,2.31e-09,-0.778
"378","GABPB2",2.81e-07,2.38e-09,-0.854
"379","",2.81e-07,2.39e-09,-0.716
"380","IPP",2.81e-07,2.39e-09,-0.678
"381","CCNB2",2.82e-07,2.41e-09,1.09
"382","",2.85e-07,2.44e-09,-0.534
"383","CD58",2.86e-07,2.46e-09,0.76
"384","MBD4",2.9e-07,2.5e-09,-0.895
"385","SYNJ2BP",2.91e-07,2.51e-09,-0.824
"386","ATG7",2.93e-07,2.53e-09,0.564
"387","APOPT1",2.93e-07,2.54e-09,-0.859
"388","SCO2",2.94e-07,2.55e-09,1.06
"389","TDRD1",2.96e-07,2.58e-09,-0.91
"390","MRE11A",2.98e-07,2.6e-09,-0.73
"391","",3.11e-07,2.72e-09,-1.07
"392","TRMT2B",3.13e-07,2.75e-09,-0.708
"393","RHAG",3.14e-07,2.76e-09,1.65
"394","",3.16e-07,2.79e-09,-0.921
"395","CDC14A",3.17e-07,2.8e-09,-1.01
"396","TRIM13",3.2e-07,2.84e-09,-0.866
"397","",3.24e-07,2.88e-09,-1.38
"398","ZNF791",3.24e-07,2.89e-09,-0.597
"399","ZNF585B",3.24e-07,2.9e-09,-0.707
"400","SHPRH",3.26e-07,2.92e-09,-0.591
"401","KLHL28",3.3e-07,2.96e-09,-0.647
"402","ZNF234",3.33e-07,3e-09,-0.696
"403","",3.33e-07,3.01e-09,-0.705
"404","",3.33e-07,3.01e-09,-1.2
"405","SUCNR1",3.33e-07,3.01e-09,1.03
"406","C3AR1",3.36e-07,3.05e-09,1.2
"407","DYRK2",3.47e-07,3.17e-09,-0.764
"408","CYLD",3.48e-07,3.18e-09,-0.679
"409","TDP1",3.56e-07,3.26e-09,-0.882
"410","BIRC5",3.56e-07,3.26e-09,1.33
"411","MT1E",3.56e-07,3.28e-09,1.14
"412","TTN",3.63e-07,3.35e-09,-0.98
"413","",3.65e-07,3.38e-09,-1.03
"414","C9orf72",3.7e-07,3.42e-09,0.945
"415","MPHOSPH8",3.74e-07,3.48e-09,-0.682
"416","DLGAP5",3.87e-07,3.61e-09,1.16
"417","MAD2L1",3.87e-07,3.62e-09,0.818
"418","CD58",3.9e-07,3.65e-09,0.711
"419","GAPDH",3.91e-07,3.67e-09,0.527
"420","",3.91e-07,3.67e-09,-1.15
"421","",3.99e-07,3.76e-09,-1.17
"422","ANKRA2",3.99e-07,3.77e-09,-0.529
"423","XK",4e-07,3.78e-09,1.66
"424","ASGR2",4.01e-07,3.81e-09,0.997
"425","DNAJC30",4.01e-07,3.82e-09,-0.964
"426","",4.01e-07,3.82e-09,-0.878
"427","EID2B",4.12e-07,3.94e-09,-0.829
"428","SWSAP1",4.13e-07,3.96e-09,-0.53
"429","",4.13e-07,3.96e-09,-1.02
"430","CARD16",4.15e-07,4.01e-09,0.767
"431","XRCC2",4.16e-07,4.03e-09,-0.957
"432","CUBN",4.16e-07,4.04e-09,-0.919
"433","",4.19e-07,4.07e-09,-1.05
"434","",4.29e-07,4.17e-09,-0.779
"435","ZNF763",4.35e-07,4.25e-09,-0.761
"436","TMEM17",4.35e-07,4.26e-09,-0.903
"437","YRDC",4.38e-07,4.3e-09,-0.818
"438","COX7B",4.39e-07,4.32e-09,0.665
"439","EXO1",4.45e-07,4.4e-09,1.09
"440","",4.46e-07,4.41e-09,1.32
"441","",4.46e-07,4.42e-09,-1.33
"442","BIRC3",4.46e-07,4.43e-09,-0.538
"443","RNF125",4.47e-07,4.45e-09,-0.687
"444","BLOC1S6",4.59e-07,4.58e-09,-0.719
"445","",4.59e-07,4.59e-09,-1
"446","PLSCR1",4.65e-07,4.66e-09,1.4
"447","POGZ",4.66e-07,4.68e-09,-0.693
"448","KRT18",4.66e-07,4.69e-09,-0.995
"449","",4.7e-07,4.75e-09,-0.93
"450","",4.7e-07,4.75e-09,0.665
"451","GSDMA",4.72e-07,4.79e-09,0.767
"452","RNF135",4.72e-07,4.8e-09,0.618
"453","",4.72e-07,4.8e-09,0.559
"454","WAC",4.72e-07,4.8e-09,-0.869
"455","ZFP42",4.74e-07,4.84e-09,-0.603
"456","C20orf24",4.75e-07,4.87e-09,0.514
"457","GLRX",4.77e-07,4.9e-09,0.571
"458","ZNF160",4.78e-07,4.92e-09,-0.75
"459","",4.84e-07,5e-09,-0.979
"460","FMNL3",4.84e-07,5e-09,-0.608
"461","OLFM4",4.99e-07,5.17e-09,3.05
"462","",5e-07,5.18e-09,-0.804
"463","",5.01e-07,5.22e-09,-1.07
"464","NRCAM",5.01e-07,5.22e-09,-0.953
"465","",5.01e-07,5.22e-09,-1.09
"466","PSMA1",5.02e-07,5.25e-09,-1.08
"467","IFI44",5.08e-07,5.32e-09,1.5
"468","MOB3B",5.11e-07,5.36e-09,-0.851
"469","",5.11e-07,5.38e-09,-0.664
"470","GSTTP2",5.11e-07,5.38e-09,-1.24
"471","PPFIBP1",5.2e-07,5.5e-09,-0.687
"472","ZNF493",5.22e-07,5.53e-09,-0.828
"473","NGDN",5.33e-07,5.66e-09,-0.751
"474","HPSE",5.48e-07,5.83e-09,1.07
"475","CREB1",5.49e-07,5.84e-09,-0.603
"476","BACH2",5.67e-07,6.06e-09,-0.656
"477","TYMSOS",5.67e-07,6.07e-09,0.935
"478","TPST2",5.79e-07,6.21e-09,0.5
"479","IGIP",5.79e-07,6.23e-09,-0.54
"480","PLBD1",5.79e-07,6.23e-09,0.996
"481","",5.93e-07,6.4e-09,-0.709
"482","ZNF33A",5.93e-07,6.4e-09,-0.947
"483","",6.09e-07,6.59e-09,0.893
"484","",6.09e-07,6.6e-09,0.787
"485","",6.13e-07,6.65e-09,-0.857
"486","P3H2",6.2e-07,6.75e-09,-0.614
"487","BLVRA",6.26e-07,6.83e-09,0.779
"488","OPLAH",6.3e-07,6.89e-09,1.16
"489","ATP10D",6.3e-07,6.91e-09,-0.572
"490","MMP9",6.43e-07,7.06e-09,1.79
"491","AVIL",6.46e-07,7.14e-09,-0.79
"492","PLA2G4A",6.46e-07,7.15e-09,0.677
"493","SPRY1",6.46e-07,7.16e-09,-0.732
"494","",6.46e-07,7.16e-09,-0.914
"495","PDLIM7",6.78e-07,7.56e-09,0.906
"496","NFATC2IP",6.86e-07,7.66e-09,-0.59
"497","LRCH3",6.95e-07,7.77e-09,-1.05
"498","",6.98e-07,7.82e-09,-0.678
"499","",7.09e-07,7.97e-09,-1.44
"500","SLC9A7",7.09e-07,7.97e-09,-0.634
"501","",7.13e-07,8.04e-09,-0.527
"502","LY6E",7.14e-07,8.06e-09,1.13
"503","PCYOX1",7.19e-07,8.16e-09,-0.815
"504","S1PR3",7.19e-07,8.16e-09,0.931
"505","PIWIL4",7.19e-07,8.18e-09,0.805
"506","",7.26e-07,8.28e-09,-0.973
"507","CTAGE5",7.41e-07,8.47e-09,-1.03
"508","KIF27",7.43e-07,8.51e-09,-0.882
"509","SLC38A10",7.67e-07,8.8e-09,0.807
"510","",7.71e-07,8.86e-09,-0.756
"511","RFESD",7.85e-07,9.06e-09,0.891
"512","",7.85e-07,9.06e-09,-1.7
"513","OR1J1",7.91e-07,9.14e-09,-0.646
"514","",8.03e-07,9.32e-09,-1.31
"515","",8.04e-07,9.34e-09,-0.9
"516","PAQR4",8.08e-07,9.41e-09,0.595
"517","ELANE",8.16e-07,9.51e-09,2.63
"518","CNR2",8.18e-07,9.58e-09,-0.503
"519","GABARAPL2",8.18e-07,9.59e-09,0.716
"520","",8.25e-07,9.69e-09,-0.894
"521","ANKRD33",8.25e-07,9.71e-09,0.767
"522","ZIK1",8.32e-07,9.81e-09,-0.7
"523","",8.34e-07,9.84e-09,2.83
"524","GPER1",8.7e-07,1.03e-08,1.22
"525","COX19",8.7e-07,1.03e-08,-0.61
"526","LYZ",8.71e-07,1.04e-08,1.24
"527","",8.72e-07,1.04e-08,-1.4
"528","TNRC6B",8.72e-07,1.04e-08,-0.682
"529","CNTNAP1",8.73e-07,1.04e-08,-0.657
"530","TSR1",8.73e-07,1.04e-08,-0.808
"531","MAFF",8.73e-07,1.05e-08,-0.944
"532","CKS1B",8.73e-07,1.05e-08,0.571
"533","",8.73e-07,1.05e-08,0.677
"534","",8.76e-07,1.06e-08,-1.01
"535","PLP2",8.92e-07,1.08e-08,0.561
"536","",8.94e-07,1.08e-08,-0.793
"537","HOOK1",8.98e-07,1.09e-08,-0.779
"538","PDCD4",9.08e-07,1.1e-08,-0.581
"539","TIPIN",9.1e-07,1.11e-08,0.864
"540","MFSD11",9.16e-07,1.11e-08,-0.621
"541","DDB1",9.34e-07,1.14e-08,-0.872
"542","",9.43e-07,1.15e-08,-0.951
"543","NOG",9.47e-07,1.16e-08,-1.01
"544","",9.49e-07,1.16e-08,-0.743
"545","CHEK1",9.5e-07,1.17e-08,0.96
"546","ZNF652",9.92e-07,1.22e-08,-0.904
"547","GPR141",9.99e-07,1.23e-08,1.13
"548","MYD88",1.02e-06,1.26e-08,0.582
"549","CEACAM8",1.02e-06,1.27e-08,2.65
"550","",1.03e-06,1.28e-08,-1.24
"551","GGH",1.03e-06,1.28e-08,1.03
"552","PLIN5",1.03e-06,1.29e-08,-0.864
"553","BATF",1.05e-06,1.31e-08,0.61
"554","SLC16A10",1.05e-06,1.31e-08,-0.676
"555","BDP1",1.05e-06,1.31e-08,-1.01
"556","XPNPEP3",1.08e-06,1.36e-08,-0.503
"557","FCF1",1.08e-06,1.36e-08,-0.593
"558","NF1",1.09e-06,1.38e-08,-0.688
"559","RHBDL2",1.1e-06,1.38e-08,-0.905
"560","PHAX",1.1e-06,1.39e-08,-1.15
"561","",1.1e-06,1.4e-08,-0.942
"562","SALL2",1.12e-06,1.42e-08,-0.613
"563","ITPK1-AS1",1.13e-06,1.44e-08,-0.785
"564","SPN",1.13e-06,1.44e-08,-0.759
"565","RASA2",1.13e-06,1.44e-08,-0.798
"566","",1.13e-06,1.44e-08,-0.988
"567","ADK",1.13e-06,1.45e-08,-0.804
"568","RALGDS",1.15e-06,1.48e-08,-0.806
"569","CYLC2",1.15e-06,1.48e-08,-0.515
"570","FOXP1-IT1",1.17e-06,1.51e-08,-1.22
"571","",1.19e-06,1.53e-08,-1.01
"572","FLVCR2",1.19e-06,1.54e-08,0.858
"573","ZNF563",1.19e-06,1.54e-08,-0.72
"574","OAS3",1.2e-06,1.56e-08,1.6
"575","KCNH6",1.2e-06,1.56e-08,-0.761
"576","ZNF395",1.2e-06,1.56e-08,-0.558
"577","CCR7",1.2e-06,1.57e-08,-0.514
"578","TNFSF10",1.21e-06,1.57e-08,0.879
"579","PLEKHA1",1.22e-06,1.59e-08,-0.707
"580","SAMD4A",1.22e-06,1.6e-08,1.28
"581","",1.24e-06,1.63e-08,-0.56
"582","IFITM2",1.24e-06,1.63e-08,0.629
"583","TOP1MT",1.25e-06,1.64e-08,-0.693
"584","PBK",1.25e-06,1.64e-08,0.851
"585","CAMK1D",1.25e-06,1.65e-08,-0.741
"586","ZNF37A",1.25e-06,1.65e-08,-0.527
"587","ZFP82",1.27e-06,1.69e-08,-0.53
"588","",1.31e-06,1.74e-08,-1.32
"589","BPGM",1.31e-06,1.75e-08,1.81
"590","IL7R",1.32e-06,1.76e-08,-0.769
"591","STRC",1.32e-06,1.77e-08,-0.773
"592","",1.33e-06,1.79e-08,-0.709
"593","KIFC1",1.36e-06,1.83e-08,1.24
"594","RAD51AP1",1.36e-06,1.83e-08,0.67
"595","ANKAR",1.37e-06,1.85e-08,-0.685
"596","",1.38e-06,1.86e-08,-0.535
"597","WDR74",1.39e-06,1.87e-08,-1.02
"598","TLR9",1.39e-06,1.88e-08,-0.868
"599","",1.39e-06,1.89e-08,-0.62
"600","RBBP8",1.4e-06,1.91e-08,0.555
"601","TRAK1",1.43e-06,1.95e-08,-0.832
"602","MYO9A",1.44e-06,1.96e-08,-0.543
"603","WDR73",1.44e-06,1.96e-08,-0.823
"604","MPO",1.44e-06,1.98e-08,2.52
"605","TGM2",1.44e-06,1.98e-08,1.36
"606","IL37",1.44e-06,1.98e-08,1.05
"607","ZNF549",1.46e-06,2.02e-08,-0.803
"608","",1.46e-06,2.02e-08,0.856
"609","MAGT1",1.47e-06,2.02e-08,-0.948
"610","",1.47e-06,2.03e-08,-0.754
"611","TBC1D9",1.47e-06,2.03e-08,-0.58
"612","GOLGA8A",1.47e-06,2.03e-08,-1.43
"613","CHAC2",1.49e-06,2.08e-08,0.801
"614","OIP5",1.5e-06,2.09e-08,0.703
"615","GYPE",1.5e-06,2.1e-08,1.85
"616","HSD17B7",1.5e-06,2.1e-08,-0.907
"617","",1.5e-06,2.1e-08,-0.559
"618","",1.52e-06,2.13e-08,0.841
"619","PPA2",1.52e-06,2.14e-08,-0.935
"620","ZNF248",1.54e-06,2.16e-08,-0.541
"621","",1.54e-06,2.17e-08,-0.999
"622","GYPB",1.55e-06,2.18e-08,2.11
"623","TMEM218",1.55e-06,2.19e-08,-0.776
"624","FKBP14",1.56e-06,2.21e-08,-1.05
"625","CHMP5",1.56e-06,2.22e-08,0.665
"626","CRTAP",1.57e-06,2.24e-08,-0.564
"627","EXOG",1.59e-06,2.26e-08,1.07
"628","PPM1K",1.6e-06,2.29e-08,-0.958
"629","ZMAT3",1.6e-06,2.29e-08,-0.82
"630","COX7A2",1.6e-06,2.3e-08,0.5
"631","",1.61e-06,2.31e-08,-1.04
"632","RALGPS2",1.62e-06,2.33e-08,-0.762
"633","FCER2",1.66e-06,2.39e-08,-0.908
"634","TCN2",1.66e-06,2.4e-08,1.32
"635","CXCR5",1.67e-06,2.41e-08,-0.776
"636","",1.67e-06,2.42e-08,-1.01
"637","PARP9",1.67e-06,2.42e-08,0.918
"638","",1.69e-06,2.46e-08,-1.06
"639","",1.69e-06,2.47e-08,-0.951
"640","CREBRF",1.69e-06,2.47e-08,-0.593
"641","ZNF565",1.74e-06,2.54e-08,-0.662
"642","",1.78e-06,2.61e-08,-0.808
"643","CEACAM1",1.79e-06,2.63e-08,1.14
"644","FMNL3",1.8e-06,2.64e-08,-0.68
"645","TRIP13",1.82e-06,2.68e-08,1.11
"646","",1.82e-06,2.69e-08,-0.869
"647","USP11",1.85e-06,2.75e-08,-0.63
"648","SPRY1",1.85e-06,2.75e-08,-0.652
"649","IL1RAP",1.87e-06,2.78e-08,-0.743
"650","GPR1",1.88e-06,2.81e-08,-0.918
"651","",1.9e-06,2.83e-08,-0.82
"652","CD96",1.9e-06,2.84e-08,-0.613
"653","CEACAM6",1.9e-06,2.85e-08,2.47
"654","ABCB1",1.91e-06,2.86e-08,-0.734
"655","",1.93e-06,2.9e-08,-0.621
"656","",1.94e-06,2.91e-08,-0.885
"657","SLC5A8",1.94e-06,2.93e-08,-1.25
"658","NRCAM",1.94e-06,2.93e-08,-0.675
"659","SNAPC1",1.95e-06,2.96e-08,-1.11
"660","KIAA0226L",1.98e-06,2.99e-08,-0.535
"661","",1.98e-06,3e-08,-0.867
"662","HIST2H2AB",2.02e-06,3.07e-08,0.777
"663","",2.04e-06,3.11e-08,-0.879
"664","MYO9A",2.04e-06,3.11e-08,-0.522
"665","",2.05e-06,3.12e-08,-0.89
"666","FABP5",2.05e-06,3.13e-08,1.04
"667","ZNF785",2.05e-06,3.14e-08,-1.23
"668","",2.05e-06,3.15e-08,-0.973
"669","METTL21A",2.08e-06,3.19e-08,-0.77
"670","RBCK1",2.08e-06,3.2e-08,0.538
"671","GSTO1",2.08e-06,3.21e-08,0.538
"672","ZNF827",2.1e-06,3.24e-08,-0.626
"673","",2.11e-06,3.25e-08,-0.613
"674","",2.12e-06,3.28e-08,1.14
"675","VAMP5",2.12e-06,3.28e-08,0.705
"676","VPS13A",2.12e-06,3.28e-08,-0.539
"677","",2.14e-06,3.33e-08,-0.723
"678","DDX51",2.16e-06,3.37e-08,-0.901
"679","",2.17e-06,3.38e-08,-1.3
"680","",2.18e-06,3.4e-08,-1.36
"681","",2.19e-06,3.44e-08,-0.98
"682","PIGX",2.2e-06,3.45e-08,-0.634
"683","C11orf80",2.21e-06,3.47e-08,-0.644
"684","DENND1A",2.22e-06,3.49e-08,0.67
"685","",2.24e-06,3.52e-08,-0.949
"686","",2.24e-06,3.53e-08,0.664
"687","KCTD7",2.28e-06,3.6e-08,-0.88
"688","MACF1",2.29e-06,3.62e-08,-1.1
"689","",2.33e-06,3.7e-08,-0.601
"690","SS18",2.35e-06,3.73e-08,0.672
"691","SETBP1",2.37e-06,3.77e-08,-0.716
"692","",2.38e-06,3.82e-08,-1.02
"693","LOC729603",2.38e-06,3.82e-08,-0.68
"694","CAMK2D",2.38e-06,3.83e-08,-0.666
"695","SART1",2.38e-06,3.83e-08,-0.78
"696","ZNF831",2.39e-06,3.85e-08,-0.742
"697","",2.49e-06,4.01e-08,-0.805
"698","",2.56e-06,4.13e-08,0.813
"699","TBC1D32",2.56e-06,4.14e-08,-0.924
"700","IFT172",2.58e-06,4.18e-08,-0.511
"701","N4BP2",2.58e-06,4.18e-08,-0.911
"702","DKFZP586I1420",2.58e-06,4.18e-08,-0.585
"703","NDUFAF7",2.58e-06,4.19e-08,-0.984
"704","ELMO1",2.6e-06,4.23e-08,-0.697
"705","NEK2",2.6e-06,4.23e-08,1.09
"706","",2.61e-06,4.26e-08,0.797
"707","",2.67e-06,4.37e-08,-0.602
"708","NUSAP1",2.68e-06,4.4e-08,0.879
"709","SARM1",2.68e-06,4.41e-08,-0.776
"710","CENPN",2.68e-06,4.42e-08,0.78
"711","MATK",2.69e-06,4.44e-08,-1.02
"712","TNRC6C",2.7e-06,4.46e-08,-0.743
"713","DYRK2",2.7e-06,4.47e-08,-0.8
"714","",2.7e-06,4.48e-08,-0.507
"715","FKBP1A",2.72e-06,4.51e-08,0.819
"716","",2.72e-06,4.51e-08,-0.874
"717","STRIP2",2.72e-06,4.52e-08,-1.01
"718","",2.76e-06,4.59e-08,-0.819
"719","ZNF573",2.8e-06,4.67e-08,-1.1
"720","GADD45A",2.8e-06,4.68e-08,0.696
"721","IFI6",2.8e-06,4.68e-08,1.48
"722","VHL",2.83e-06,4.74e-08,-0.528
"723","",2.83e-06,4.75e-08,-0.643
"724","ANKRD44",2.92e-06,4.91e-08,-1.18
"725","FOXP1",2.93e-06,4.92e-08,-0.67
"726","TMEM8B",2.94e-06,4.95e-08,-0.521
"727","PPP1R3D",2.97e-06,5.01e-08,0.57
"728","JRK",2.98e-06,5.02e-08,-0.63
"729","HLA-DMA",3.01e-06,5.08e-08,-0.548
"730","",3.01e-06,5.09e-08,-1.02
"731","",3.05e-06,5.17e-08,-1.05
"732","",3.09e-06,5.24e-08,-1.18
"733","DENR",3.09e-06,5.25e-08,-1.01
"734","",3.11e-06,5.28e-08,-1.13
"735","",3.13e-06,5.33e-08,-0.874
"736","FYN",3.15e-06,5.37e-08,-0.808
"737","MXD3",3.15e-06,5.4e-08,0.596
"738","CEBPA",3.15e-06,5.4e-08,0.82
"739","RHBDL2",3.17e-06,5.42e-08,-1.11
"740","",3.21e-06,5.5e-08,0.682
"741","ABCB4",3.23e-06,5.54e-08,-0.871
"742","",3.25e-06,5.59e-08,-0.966
"743","CCR2",3.26e-06,5.62e-08,0.659
"744","OXNAD1",3.26e-06,5.62e-08,-0.525
"745","SSTR2",3.33e-06,5.75e-08,-1.04
"746","CENPM",3.33e-06,5.76e-08,0.759
"747","",3.34e-06,5.79e-08,0.824
"748","NEK8",3.35e-06,5.81e-08,-0.816
"749","",3.35e-06,5.82e-08,-0.709
"750","TMEM56",3.35e-06,5.83e-08,1.64
"751","CEP68",3.38e-06,5.88e-08,-0.807
"752","RPAP2",3.38e-06,5.89e-08,-0.673
"753","",3.4e-06,5.93e-08,-0.89
"754","",3.43e-06,5.99e-08,-1.07
"755","NELL2",3.47e-06,6.07e-08,-0.78
"756","CRCP",3.47e-06,6.08e-08,-0.777
"757","TCN1",3.49e-06,6.11e-08,1.4
"758","HEPACAM2",3.49e-06,6.13e-08,1.46
"759","EPHA4",3.49e-06,6.13e-08,-0.577
"760","DRAP1",3.49e-06,6.15e-08,0.514
"761","NME1",3.49e-06,6.15e-08,0.534
"762","ASPM",3.49e-06,6.15e-08,0.976
"763","GNG7",3.49e-06,6.16e-08,-0.548
"764","CDC25A",3.5e-06,6.2e-08,0.932
"765","CAMK2D",3.51e-06,6.22e-08,-0.912
"766","ARHGAP32",3.58e-06,6.35e-08,-0.67
"767","RPL29",3.59e-06,6.38e-08,0.588
"768","ANG",3.6e-06,6.41e-08,0.692
"769","HLA-DOA",3.64e-06,6.48e-08,-0.696
"770","ATXN2L",3.67e-06,6.55e-08,-0.92
"771","HPCAL1",3.71e-06,6.64e-08,0.503
"772","CASP8",3.71e-06,6.65e-08,-0.95
"773","",3.72e-06,6.67e-08,-1.15
"774","ANXA2P1",3.72e-06,6.69e-08,0.619
"775","",3.77e-06,6.78e-08,1.01
"776","KIF23",3.79e-06,6.84e-08,0.916
"777","",3.79e-06,6.85e-08,-0.772
"778","",3.8e-06,6.86e-08,-0.98
"779","",3.89e-06,7.05e-08,-0.847
"780","NFATC3",3.98e-06,7.24e-08,-0.703
"781","ZNF786",3.98e-06,7.26e-08,-0.919
"782","SAMSN1",4.01e-06,7.31e-08,0.814
"783","TROAP",4.01e-06,7.32e-08,0.722
"784","",4.09e-06,7.48e-08,-0.896
"785","MTERF4",4.1e-06,7.51e-08,-0.728
"786","",4.14e-06,7.59e-08,-0.67
"787","CKAP4",4.14e-06,7.61e-08,0.812
"788","ANXA11",4.15e-06,7.63e-08,-0.931
"789","RPS7",4.16e-06,7.66e-08,0.633
"790","B4GALT5",4.17e-06,7.68e-08,0.701
"791","NFYB",4.19e-06,7.73e-08,-0.565
"792","RPL36A",4.2e-06,7.77e-08,0.532
"793","PLGLA",4.2e-06,7.78e-08,-0.827
"794","KCNK4",4.2e-06,7.78e-08,0.72
"795","",4.21e-06,7.81e-08,-0.949
"796","NUBPL",4.27e-06,7.94e-08,-0.951
"797","FCGBP",4.27e-06,7.95e-08,-0.834
"798","PLA2G2D",4.28e-06,7.97e-08,-1.04
"799","CASP1",4.31e-06,8.05e-08,0.58
"800","FAM72D",4.31e-06,8.07e-08,1.02
"801","ITPKB",4.31e-06,8.07e-08,-0.501
"802","MBTD1",4.31e-06,8.08e-08,-1.27
"803","ASPH",4.35e-06,8.17e-08,0.619
"804","NBEA",4.35e-06,8.19e-08,-0.685
"805","ABLIM1",4.41e-06,8.31e-08,-1.21
"806","",4.41e-06,8.32e-08,1.05
"807","SLC7A6",4.44e-06,8.39e-08,-0.515
"808","",4.45e-06,8.42e-08,-1
"809","",4.45e-06,8.42e-08,-0.684
"810","",4.51e-06,8.59e-08,-0.828
"811","IL17RD",4.52e-06,8.62e-08,-0.991
"812","",4.52e-06,8.63e-08,-0.542
"813","DISP1",4.53e-06,8.66e-08,-0.538
"814","NPAT",4.56e-06,8.73e-08,-0.508
"815","TYMP",4.61e-06,8.85e-08,0.729
"816","METTL9",4.64e-06,8.91e-08,0.667
"817","LBH",4.67e-06,8.98e-08,-1.02
"818","",4.7e-06,9.05e-08,-0.808
"819","",4.7e-06,9.05e-08,-1.08
"820","SPATS2L",4.7e-06,9.07e-08,1.38
"821","TOR1B",4.71e-06,9.1e-08,0.669
"822","RAB3IP",4.73e-06,9.15e-08,-0.591
"823","ZNF782",4.74e-06,9.2e-08,-0.591
"824","",4.83e-06,9.41e-08,-0.78
"825","",4.85e-06,9.46e-08,-0.579
"826","",4.91e-06,9.58e-08,-0.537
"827","C11orf63",4.92e-06,9.61e-08,-1.14
"828","STAG3",4.94e-06,9.66e-08,0.592
"829","CDC20",4.99e-06,9.78e-08,1.02
"830","ZNF682",5.01e-06,9.83e-08,-0.981
"831","TPD52",5.01e-06,9.84e-08,-0.563
"832","PBX4",5.04e-06,9.92e-08,-0.64
"833","POLR1B",5.12e-06,1.01e-07,-0.641
"834","ALMS1",5.24e-06,1.03e-07,-0.584
"835","ZBTB40",5.28e-06,1.04e-07,-0.67
"836","FCER1G",5.3e-06,1.05e-07,0.751
"837","",5.33e-06,1.05e-07,-0.719
"838","DSTYK",5.33e-06,1.06e-07,-0.713
"839","CR2",5.38e-06,1.07e-07,-0.609
"840","ZNF234",5.41e-06,1.08e-07,-0.711
"841","CALML4",5.46e-06,1.09e-07,0.578
"842","LPP",5.5e-06,1.1e-07,-0.502
"843","KIAA0226L",5.55e-06,1.11e-07,-0.541
"844","ZNF286A",5.55e-06,1.11e-07,-0.6
"845","",5.59e-06,1.12e-07,-0.916
"846","SLC22A4",5.59e-06,1.12e-07,0.966
"847","SAT1",5.59e-06,1.12e-07,0.597
"848","TRIM52",5.64e-06,1.14e-07,-0.735
"849","",5.66e-06,1.14e-07,-0.659
"850","TRAPPC2",5.66e-06,1.14e-07,-0.809
"851","CES2",5.66e-06,1.15e-07,-0.735
"852","",5.68e-06,1.15e-07,-0.777
"853","EIF4B",5.8e-06,1.18e-07,-0.525
"854","SLC25A51",5.81e-06,1.18e-07,-0.875
"855","ZNF540",5.84e-06,1.19e-07,-0.573
"856","GYPE",5.94e-06,1.21e-07,1.65
"857","",5.95e-06,1.21e-07,-1.26
"858","CENPM",5.96e-06,1.22e-07,1.15
"859","NPEPPS",5.96e-06,1.22e-07,-0.764
"860","",5.98e-06,1.22e-07,-0.644
"861","",6.04e-06,1.24e-07,-0.657
"862","TXK",6.08e-06,1.25e-07,-0.603
"863","SASH1",6.1e-06,1.25e-07,1.04
"864","GALNT3",6.1e-06,1.25e-07,-0.839
"865","",6.1e-06,1.25e-07,-0.899
"866","PXMP4",6.13e-06,1.26e-07,-0.909
"867","PSAT1",6.13e-06,1.26e-07,0.709
"868","",6.14e-06,1.27e-07,-1.06
"869","",6.14e-06,1.27e-07,-0.966
"870","",6.14e-06,1.27e-07,-1.34
"871","CBX7",6.18e-06,1.28e-07,-0.554
"872","EXOSC1",6.18e-06,1.28e-07,-0.943
"873","LEP",6.26e-06,1.3e-07,-0.999
"874","ASGR2",6.26e-06,1.3e-07,0.97
"875","",6.3e-06,1.31e-07,-0.875
"876","ZNF14",6.46e-06,1.35e-07,-0.889
"877","RABL2B",6.49e-06,1.36e-07,-0.623
"878","PRC1",6.54e-06,1.37e-07,0.743
"879","DNMT3A",6.55e-06,1.37e-07,-0.723
"880","TAGAP",6.57e-06,1.38e-07,-0.823
"881","",6.57e-06,1.38e-07,-1.31
"882","TOP2A",6.59e-06,1.38e-07,0.986
"883","VPS41",6.62e-06,1.4e-07,-0.901
"884","PCYOX1",6.62e-06,1.4e-07,-0.713
"885","ZNF557",6.74e-06,1.42e-07,-0.82
"886","KIF11",6.75e-06,1.43e-07,1.01
"887","PTGR2",6.75e-06,1.43e-07,-0.569
"888","PPFIBP1",6.76e-06,1.43e-07,-0.774
"889","AK5",6.8e-06,1.44e-07,-0.784
"890","SEPT1",6.91e-06,1.47e-07,-0.707
"891","SEC24B",6.95e-06,1.48e-07,-0.738
"892","PTGR2",7.03e-06,1.5e-07,-1.21
"893","",7.04e-06,1.51e-07,-0.884
"894","FAM212B",7.04e-06,1.51e-07,-1.03
"895","",7.11e-06,1.52e-07,0.503
"896","",7.14e-06,1.53e-07,-0.787
"897","CDC42EP3",7.16e-06,1.54e-07,0.885
"898","",7.16e-06,1.54e-07,-1.04
"899","",7.2e-06,1.55e-07,-0.824
"900","USP49",7.25e-06,1.56e-07,-0.948
"901","",7.28e-06,1.57e-07,1.03
"902","",7.28e-06,1.57e-07,-0.897
"903","APOM",7.28e-06,1.57e-07,0.559
"904","OAS3",7.28e-06,1.57e-07,1.42
"905","MARCO",7.28e-06,1.58e-07,1.1
"906","",7.28e-06,1.58e-07,-0.947
"907","",7.28e-06,1.58e-07,-0.556
"908","",7.28e-06,1.58e-07,-1.12
"909","ZNF165",7.28e-06,1.58e-07,-0.555
"910","",7.28e-06,1.58e-07,-0.669
"911","IL7",7.32e-06,1.59e-07,-0.637
"912","",7.36e-06,1.6e-07,-1.02
"913","RPL39L",7.38e-06,1.61e-07,0.555
"914","PARP9",7.39e-06,1.61e-07,0.863
"915","EIF1B",7.41e-06,1.62e-07,0.77
"916","LOC101927438",7.46e-06,1.63e-07,-0.599
"917","EXOC4",7.47e-06,1.64e-07,-1.03
"918","CTSG",7.51e-06,1.64e-07,2.31
"919","",7.53e-06,1.65e-07,-0.908
"920","UBE2F",7.54e-06,1.65e-07,0.552
"921","SLC22A4",7.56e-06,1.66e-07,0.944
"922","TGFBR2",7.57e-06,1.66e-07,-0.597
"923","BCAS4",7.62e-06,1.68e-07,-0.608
"924","POGZ",7.79e-06,1.72e-07,-0.808
"925","RBM12B",7.86e-06,1.73e-07,-0.757
"926","ZNF430",7.9e-06,1.75e-07,-0.634
"927","PDCD10",8e-06,1.78e-07,0.615
"928","DRAM1",8.01e-06,1.78e-07,0.682
"929","",8.01e-06,1.78e-07,-0.7
"930","MAML2",8.01e-06,1.78e-07,-0.55
"931","",8.17e-06,1.82e-07,-0.573
"932","",8.27e-06,1.85e-07,-0.764
"933","KMT2E",8.37e-06,1.88e-07,-0.809
"934","",8.37e-06,1.88e-07,-0.606
"935","C10orf11",8.39e-06,1.88e-07,0.766
"936","",8.41e-06,1.89e-07,-0.575
"937","SRPK2",8.47e-06,1.9e-07,-0.784
"938","ZWINT",8.48e-06,1.91e-07,0.995
"939","MFGE8",8.51e-06,1.92e-07,-0.502
"940","SAPCD2",8.51e-06,1.92e-07,0.729
"941","RFESD",8.72e-06,1.97e-07,0.702
"942","KCNK6",8.73e-06,1.97e-07,-0.705
"943","IKBIP",8.8e-06,1.99e-07,-0.661
"944","SRPK2",8.83e-06,2e-07,-0.921
"945","C2orf68",8.86e-06,2.01e-07,-0.686
"946","ZNF500",8.86e-06,2.01e-07,-0.502
"947","CISD2",8.88e-06,2.02e-07,1.08
"948","CASP8",8.88e-06,2.02e-07,-0.563
"949","SNX15",8.92e-06,2.03e-07,0.92
"950","SLC25A20",8.93e-06,2.03e-07,-1.16
"951","",8.94e-06,2.04e-07,-0.924
"952","PARPBP",9e-06,2.06e-07,0.666
"953","",9e-06,2.06e-07,-0.554
"954","",9e-06,2.06e-07,-0.956
"955","NR3C2",9.01e-06,2.06e-07,-0.848
"956","AURKA",9.1e-06,2.09e-07,0.76
"957","PLCH2",9.22e-06,2.12e-07,-0.606
"958","",9.34e-06,2.15e-07,-0.729
"959","ORC6",9.36e-06,2.15e-07,0.755
"960","",9.37e-06,2.16e-07,-0.782
"961","SHISA5",9.41e-06,2.17e-07,0.653
"962","EIF2AK4",9.44e-06,2.18e-07,-0.873
"963","",9.46e-06,2.19e-07,-1.08
"964","GGA1",9.48e-06,2.19e-07,-0.562
"965","WIPI1",9.64e-06,2.24e-07,0.639
"966","",9.74e-06,2.26e-07,-0.938
"967","DUSP19",9.77e-06,2.27e-07,-0.671
"968","KIF2C",9.91e-06,2.31e-07,0.89
"969","",9.91e-06,2.31e-07,-0.768
"970","PLPP5",1e-05,2.34e-07,-0.64
"971","",1e-05,2.34e-07,-1.11
"972","",1.01e-05,2.35e-07,0.711
"973","CCDC136",1.02e-05,2.39e-07,-0.589
"974","ZNF223",1.02e-05,2.4e-07,-0.871
"975","CD200",1.03e-05,2.41e-07,-0.812
"976","DFFA",1.03e-05,2.42e-07,-0.769
"977","DYRK2",1.03e-05,2.42e-07,-0.525
"978","",1.05e-05,2.47e-07,-0.823
"979","BRI3",1.05e-05,2.48e-07,0.53
"980","CKAP5",1.06e-05,2.5e-07,-0.55
"981","BANP",1.06e-05,2.5e-07,-0.562
"982","CDCA2",1.06e-05,2.5e-07,0.784
"983","",1.06e-05,2.51e-07,-0.546
"984","RBM33",1.07e-05,2.53e-07,-0.505
"985","GLS",1.07e-05,2.55e-07,-0.585
"986","KIF14",1.08e-05,2.56e-07,0.903
"987","LAP3",1.08e-05,2.56e-07,0.924
"988","KIF27",1.08e-05,2.57e-07,-0.817
"989","KMT2A",1.08e-05,2.57e-07,-0.756
"990","HIST1H2BD",1.09e-05,2.58e-07,0.649
"991","",1.09e-05,2.61e-07,-0.872
"992","SLC4A5",1.09e-05,2.61e-07,-0.841
"993","CD63",1.1e-05,2.62e-07,0.606
"994","BCL11A",1.11e-05,2.65e-07,-0.64
"995","TYSND1",1.11e-05,2.67e-07,-0.573
"996","AGMAT",1.12e-05,2.68e-07,-0.671
"997","",1.12e-05,2.68e-07,-0.64
"998","VPS13D",1.12e-05,2.69e-07,-0.537
"999","ATP8B2",1.13e-05,2.73e-07,-0.613
"1000","",1.14e-05,2.74e-07,-0.852
"1001","",1.18e-05,2.85e-07,-0.813
"1002","BCYRN1",1.19e-05,2.87e-07,-0.806
"1003","DDR1",1.19e-05,2.89e-07,-0.526
"1004","TNFSF13B",1.2e-05,2.9e-07,0.911
"1005","MIGA1",1.2e-05,2.9e-07,-1.03
"1006","BATF2",1.2e-05,2.91e-07,1.34
"1007","",1.22e-05,2.96e-07,-0.824
"1008","ZNF623",1.23e-05,2.99e-07,-0.609
"1009","",1.23e-05,3.01e-07,-0.88
"1010","EVI5",1.24e-05,3.03e-07,-0.763
"1011","RASSF1",1.24e-05,3.03e-07,-0.739
"1012","GBA",1.24e-05,3.05e-07,0.544
"1013","IFI44L",1.24e-05,3.05e-07,1.78
"1014","GTSE1",1.24e-05,3.05e-07,0.689
"1015","CASP1",1.24e-05,3.06e-07,0.574
"1016","FHL2",1.24e-05,3.06e-07,0.658
"1017","GJC1",1.25e-05,3.08e-07,-0.622
"1018","ZNF347",1.25e-05,3.09e-07,-0.509
"1019","",1.25e-05,3.09e-07,-0.841
"1020","IL18",1.26e-05,3.12e-07,-0.632
"1021","OCIAD1",1.27e-05,3.15e-07,-0.827
"1022","CNST",1.28e-05,3.17e-07,-0.503
"1023","HTRA4",1.28e-05,3.17e-07,-0.75
"1024","",1.28e-05,3.18e-07,-0.86
"1025","LOC101926963",1.29e-05,3.21e-07,0.55
"1026","TMCC2",1.29e-05,3.21e-07,1.48
"1027","ALPP",1.29e-05,3.21e-07,-0.896
"1028","CARD17",1.3e-05,3.24e-07,1.3
"1029","NDC80",1.3e-05,3.25e-07,0.662
"1030","DMC1",1.31e-05,3.27e-07,-0.851
"1031","CD44",1.31e-05,3.28e-07,-0.916
"1032","CREBRF",1.34e-05,3.35e-07,-0.541
"1033","",1.34e-05,3.37e-07,-1.24
"1034","",1.35e-05,3.38e-07,-0.758
"1035","",1.36e-05,3.41e-07,-0.796
"1036","TCF7",1.37e-05,3.44e-07,-0.749
"1037","PNKD",1.38e-05,3.47e-07,0.812
"1038","UCK2",1.38e-05,3.47e-07,0.57
"1039","IRF7",1.38e-05,3.47e-07,1.03
"1040","POC1A",1.38e-05,3.47e-07,0.659
"1041","",1.39e-05,3.51e-07,-1.18
"1042","ANKRD9",1.4e-05,3.53e-07,1.01
"1043","",1.4e-05,3.53e-07,-0.804
"1044","DNAJB14",1.41e-05,3.56e-07,-0.708
"1045","",1.41e-05,3.57e-07,-1.34
"1046","",1.47e-05,3.71e-07,-0.579
"1047","TSPAN32",1.47e-05,3.72e-07,-0.759
"1048","APOBEC3H",1.48e-05,3.76e-07,1.07
"1049","TAGAP",1.48e-05,3.76e-07,-0.827
"1050","PHLPP2",1.49e-05,3.77e-07,-0.586
"1051","CD83",1.51e-05,3.83e-07,-0.571
"1052","OAS2",1.52e-05,3.86e-07,0.832
"1053","ADARB1",1.52e-05,3.88e-07,-0.595
"1054","CENPE",1.55e-05,3.96e-07,0.754
"1055","ZNF135",1.56e-05,3.99e-07,-0.665
"1056","ZSWIM8",1.58e-05,4.04e-07,-0.747
"1057","",1.58e-05,4.05e-07,-0.929
"1058","ZNF600",1.6e-05,4.11e-07,-0.8
"1059","BAIAP2L2",1.6e-05,4.13e-07,-0.607
"1060","CLEC2D",1.61e-05,4.15e-07,-0.767
"1061","",1.62e-05,4.18e-07,-1.09
"1062","",1.62e-05,4.19e-07,-0.966
"1063","",1.64e-05,4.22e-07,-0.94
"1064","CLEC5A",1.64e-05,4.22e-07,1.29
"1065","DDB1",1.65e-05,4.26e-07,-1.03
"1066","",1.65e-05,4.28e-07,-0.929
"1067","VAC14",1.67e-05,4.34e-07,-0.513
"1068","MDM4",1.67e-05,4.35e-07,-0.908
"1069","DZIP3",1.68e-05,4.37e-07,-0.531
"1070","NLRP8",1.69e-05,4.39e-07,-1
"1071","C8orf37",1.7e-05,4.43e-07,-0.658
"1072","ZNF669",1.7e-05,4.43e-07,-0.919
"1073","",1.71e-05,4.47e-07,-0.75
"1074","OAS1",1.72e-05,4.49e-07,1.19
"1075","MPZL1",1.72e-05,4.49e-07,-0.714
"1076","HYPK",1.72e-05,4.49e-07,-0.51
"1077","GNB5",1.73e-05,4.52e-07,-0.545
"1078","HELLS",1.74e-05,4.57e-07,0.542
"1079","GYPA",1.74e-05,4.57e-07,1.57
"1080","CCR6",1.76e-05,4.61e-07,-0.628
"1081","ZNF451",1.77e-05,4.64e-07,-0.812
"1082","NT5E",1.79e-05,4.7e-07,-0.603
"1083","STXBP2",1.79e-05,4.72e-07,0.694
"1084","BAGE3",1.8e-05,4.75e-07,-0.868
"1085","",1.83e-05,4.85e-07,-1.23
"1086","MCM8",1.85e-05,4.89e-07,-0.864
"1087","",1.85e-05,4.9e-07,-0.836
"1088","SNRPD3",1.87e-05,4.96e-07,-0.799
"1089","LCN2",1.87e-05,4.98e-07,1.39
"1090","PTCD2",1.88e-05,5e-07,-0.71
"1091","SORL1",1.89e-05,5.05e-07,-0.65
"1092","MAPK14",1.89e-05,5.05e-07,0.944
"1093","CCR1",1.89e-05,5.06e-07,0.88
"1094","",1.9e-05,5.1e-07,-0.725
"1095","FTH1P3",1.92e-05,5.15e-07,0.587
"1096","NFATC2IP",1.93e-05,5.18e-07,-0.752
"1097","SLC26A8",1.93e-05,5.19e-07,1.05
"1098","ADGRE3",1.94e-05,5.22e-07,-0.97
"1099","RAD51",1.94e-05,5.23e-07,-0.563
"1100","",1.94e-05,5.24e-07,-1.08
"1101","PSMD12",1.94e-05,5.25e-07,-0.513
"1102","FBXO32",1.95e-05,5.27e-07,-0.511
"1103","",1.95e-05,5.28e-07,-1.32
"1104","MIR181A2HG",1.95e-05,5.29e-07,-0.853
"1105","",1.96e-05,5.32e-07,-0.88
"1106","ANKHD1-EIF4EBP3",1.98e-05,5.39e-07,-0.554
"1107","AOC4P",1.98e-05,5.39e-07,-0.908
"1108","AURKA",1.98e-05,5.39e-07,0.77
"1109","JMY",1.98e-05,5.4e-07,-0.506
"1110","PKN2",1.99e-05,5.4e-07,-0.638
"1111","TMEM204",2e-05,5.44e-07,-0.603
"1112","MCMDC2",2.01e-05,5.47e-07,-0.875
"1113","",2.01e-05,5.47e-07,-0.769
"1114","NXNL1",2.03e-05,5.55e-07,-0.64
"1115","LONP2",2.03e-05,5.56e-07,-0.525
"1116","TRMT10B",2.05e-05,5.61e-07,-0.708
"1117","RAPGEF1",2.07e-05,5.67e-07,-0.824
"1118","SULT1A1",2.08e-05,5.69e-07,-0.71
"1119","",2.08e-05,5.7e-07,-0.835
"1120","ADM",2.08e-05,5.71e-07,0.995
"1121","ZC3H12B",2.1e-05,5.79e-07,-0.528
"1122","",2.11e-05,5.82e-07,-0.854
"1123","ANKRD9",2.11e-05,5.83e-07,1.18
"1124","SLC43A3",2.12e-05,5.87e-07,0.573
"1125","SPTLC1",2.12e-05,5.88e-07,-0.8
"1126","CHPT1",2.14e-05,5.94e-07,1.07
"1127","",2.15e-05,5.97e-07,-1.15
"1128","FOXP1",2.16e-05,6.01e-07,-0.977
"1129","PTCH1",2.17e-05,6.03e-07,-0.531
"1130","CHMP3",2.18e-05,6.06e-07,0.5
"1131","",2.18e-05,6.07e-07,-0.569
"1132","",2.19e-05,6.11e-07,-0.739
"1133","DIP2C",2.2e-05,6.13e-07,-0.716
"1134","HIST1H4K",2.2e-05,6.14e-07,0.732
"1135","",2.2e-05,6.14e-07,-1.32
"1136","",2.21e-05,6.18e-07,-0.664
"1137","ZWINT",2.22e-05,6.21e-07,0.705
"1138","BLK",2.23e-05,6.24e-07,-0.598
"1139","ABHD17B",2.26e-05,6.33e-07,-0.842
"1140","",2.26e-05,6.35e-07,-1.07
"1141","",2.28e-05,6.4e-07,-0.802
"1142","SLC35E1",2.29e-05,6.44e-07,-0.894
"1143","C8orf44",2.3e-05,6.49e-07,-0.866
"1144","TMEM267",2.3e-05,6.5e-07,-0.796
"1145","PPP1R3F",2.3e-05,6.5e-07,-0.545
"1146","LRRC37A4P",2.36e-05,6.66e-07,-0.833
"1147","PCDHB19P",2.36e-05,6.67e-07,-1
"1148","ATP8B2",2.37e-05,6.73e-07,-0.62
"1149","",2.39e-05,6.78e-07,-0.564
"1150","HEPACAM2",2.4e-05,6.8e-07,1.24
"1151","CREB1",2.4e-05,6.82e-07,-0.639
"1152","MSI2",2.42e-05,6.88e-07,0.506
"1153","PCTP",2.42e-05,6.89e-07,0.602
"1154","IFIT3",2.43e-05,6.92e-07,1.53
"1155","",2.44e-05,6.97e-07,-0.575
"1156","ZNF566",2.45e-05,6.99e-07,-0.582
"1157","ADGRE3",2.45e-05,7e-07,-0.908
"1158","SLC16A12",2.45e-05,7e-07,-0.558
"1159","PDE4B",2.46e-05,7.03e-07,-0.804
"1160","LY96",2.48e-05,7.09e-07,0.797
"1161","SYNRG",2.49e-05,7.15e-07,-0.637
"1162","L2HGDH",2.53e-05,7.26e-07,-0.503
"1163","BCAS4",2.53e-05,7.27e-07,-0.554
"1164","",2.55e-05,7.33e-07,-0.799
"1165","PIWIL4",2.55e-05,7.34e-07,0.74
"1166","ZNF609",2.55e-05,7.34e-07,-0.614
"1167","ZNF486",2.57e-05,7.4e-07,-0.779
"1168","INIP",2.57e-05,7.43e-07,-0.635
"1169","POLQ",2.57e-05,7.44e-07,0.9
"1170","HM13",2.57e-05,7.46e-07,-0.967
"1171","IL10",2.57e-05,7.47e-07,-0.823
"1172","",2.58e-05,7.48e-07,-1.13
"1173","PRPF6",2.58e-05,7.5e-07,-0.713
"1174","",2.59e-05,7.52e-07,-0.509
"1175","AHR",2.6e-05,7.59e-07,-0.7
"1176","",2.63e-05,7.67e-07,0.951
"1177","TP53I3",2.64e-05,7.72e-07,0.852
"1178","DBP",2.66e-05,7.8e-07,-0.596
"1179","DTWD2",2.67e-05,7.82e-07,-0.888
"1180","",2.69e-05,7.88e-07,-0.884
"1181","",2.71e-05,7.95e-07,-1.06
"1182","E2F2",2.72e-05,7.98e-07,1.06
"1183","RTP4",2.74e-05,8.06e-07,0.932
"1184","NSUN3",2.76e-05,8.14e-07,0.785
"1185","",2.77e-05,8.16e-07,-0.514
"1186","SUGP2",2.77e-05,8.17e-07,-1.09
"1187","FAR2",2.77e-05,8.19e-07,0.687
"1188","",2.77e-05,8.19e-07,-0.981
"1189","SGO2",2.77e-05,8.2e-07,0.593
"1190","GADD45A",2.8e-05,8.31e-07,0.655
"1191","HECTD2",2.82e-05,8.37e-07,-0.737
"1192","",2.84e-05,8.43e-07,-0.781
"1193","BRD3",2.85e-05,8.46e-07,-0.625
"1194","",2.85e-05,8.49e-07,0.613
"1195","N4BP2",2.85e-05,8.49e-07,-0.873
"1196","UBE2L6",2.87e-05,8.57e-07,0.595
"1197","SGK223",2.89e-05,8.62e-07,-0.573
"1198","NELFB",2.89e-05,8.62e-07,-0.629
"1199","LY9",2.89e-05,8.65e-07,-0.536
"1200","",2.9e-05,8.67e-07,-0.719
"1201","TOP1MT",2.9e-05,8.67e-07,-0.647
"1202","CCDC50",2.9e-05,8.7e-07,-0.528
"1203","PSMD6-AS2",2.9e-05,8.71e-07,-0.926
"1204","ERP44",2.91e-05,8.73e-07,-0.733
"1205","PNP",2.92e-05,8.78e-07,0.613
"1206","SHKBP1",2.93e-05,8.81e-07,0.51
"1207","",2.94e-05,8.85e-07,-0.923
"1208","DIS3L",2.97e-05,8.96e-07,-0.529
"1209","CCL3",2.97e-05,8.96e-07,0.674
"1210","PNPT1",2.97e-05,8.96e-07,-0.598
"1211","",2.97e-05,8.99e-07,-0.579
"1212","",3.04e-05,9.21e-07,-0.75
"1213","SYAP1",3.04e-05,9.23e-07,-0.768
"1214","",3.05e-05,9.25e-07,-0.691
"1215","PDK1",3.05e-05,9.27e-07,-0.569
"1216","DTNBP1",3.07e-05,9.32e-07,-0.664
"1217","CDC25C",3.1e-05,9.45e-07,0.88
"1218","MCM3AP-AS1",3.11e-05,9.5e-07,-0.699
"1219","",3.12e-05,9.56e-07,-1.01
"1220","PDLIM7",3.12e-05,9.56e-07,0.821
"1221","",3.13e-05,9.58e-07,-0.714
"1222","IFI44L",3.13e-05,9.6e-07,1.81
"1223","MS4A1",3.14e-05,9.62e-07,-0.991
"1224","LAG3",3.14e-05,9.63e-07,1.1
"1225","KIF11",3.14e-05,9.63e-07,0.867
"1226","BUB1",3.14e-05,9.64e-07,0.966
"1227","FOXM1",3.15e-05,9.68e-07,0.707
"1228","CDKN2AIPNL",3.15e-05,9.69e-07,-0.666
"1229","",3.16e-05,9.73e-07,-0.983
"1230","",3.16e-05,9.75e-07,-0.564
"1231","",3.19e-05,9.84e-07,-0.837
"1232","CR2",3.21e-05,9.91e-07,-0.563
"1233","",3.22e-05,9.97e-07,-0.699
"1234","SLC26A8",3.3e-05,1.02e-06,0.769
"1235","MRPL57",3.31e-05,1.03e-06,-0.611
"1236","SYTL2",3.32e-05,1.03e-06,-0.598
"1237","",3.33e-05,1.03e-06,-0.67
"1238","TAGAP",3.34e-05,1.04e-06,-0.851
"1239","BANK1",3.35e-05,1.04e-06,-0.557
"1240","CENPM",3.38e-05,1.05e-06,0.832
"1241","TOP1MT",3.38e-05,1.05e-06,-0.659
"1242","",3.4e-05,1.06e-06,-0.866
"1243","HN1L",3.41e-05,1.06e-06,-0.63
"1244","",3.42e-05,1.07e-06,-0.534
"1245","GABPB2",3.43e-05,1.07e-06,-0.547
"1246","ZNF549",3.43e-05,1.07e-06,-0.531
"1247","IFIT1B",3.44e-05,1.07e-06,1.83
"1248","",3.46e-05,1.08e-06,-1.06
"1249","CDCA8",3.47e-05,1.09e-06,0.784
"1250","SIAH2",3.49e-05,1.1e-06,0.905
"1251","POLR1B",3.49e-05,1.1e-06,-0.661
"1252","",3.5e-05,1.1e-06,-1.15
"1253","",3.52e-05,1.11e-06,-0.935
"1254","",3.55e-05,1.12e-06,-1.03
"1255","PDCL3P4",3.55e-05,1.12e-06,-0.783
"1256","",3.57e-05,1.13e-06,-0.975
"1257","",3.6e-05,1.14e-06,-0.552
"1258","ZNF345",3.6e-05,1.14e-06,-0.574
"1259","DDIAS",3.61e-05,1.14e-06,0.522
"1260","CD79A",3.64e-05,1.15e-06,-0.513
"1261","GOLGA8B",3.64e-05,1.15e-06,-0.546
"1262","AIM2",3.64e-05,1.16e-06,1.19
"1263","",3.64e-05,1.16e-06,-0.737
"1264","GATS",3.68e-05,1.17e-06,-0.507
"1265","CEACAM1",3.69e-05,1.17e-06,0.96
"1266","",3.73e-05,1.19e-06,-1.16
"1267","",3.73e-05,1.19e-06,-0.604
"1268","AKR1D1",3.76e-05,1.2e-06,-0.527
"1269","TMEM128",3.78e-05,1.2e-06,0.718
"1270","CD36",3.84e-05,1.22e-06,0.599
"1271","DCLRE1C",3.89e-05,1.25e-06,-0.748
"1272","CCND1",3.95e-05,1.27e-06,-0.603
"1273","PATZ1",3.99e-05,1.28e-06,-0.525
"1274","LRCH4",4e-05,1.28e-06,-0.528
"1275","RAB24",4e-05,1.28e-06,0.502
"1276","",4.03e-05,1.29e-06,-0.66
"1277","EHMT1",4.03e-05,1.3e-06,-0.602
"1278","C1orf132",4.03e-05,1.3e-06,-0.592
"1279","SERPING1",4.06e-05,1.31e-06,1.52
"1280","YTHDC1",4.08e-05,1.32e-06,-0.772
"1281","",4.1e-05,1.32e-06,0.905
"1282","OSCAR",4.11e-05,1.33e-06,0.767
"1283","SPIN1",4.12e-05,1.33e-06,-0.639
"1284","GBA",4.22e-05,1.37e-06,0.548
"1285","RAP1GAP",4.24e-05,1.38e-06,2.79
"1286","PAK2",4.25e-05,1.38e-06,-1
"1287","",4.27e-05,1.39e-06,-0.911
"1288","",4.32e-05,1.41e-06,-0.604
"1289","RGL4",4.32e-05,1.41e-06,0.734
"1290","",4.36e-05,1.43e-06,-0.878
"1291","",4.37e-05,1.43e-06,-0.723
"1292","OR2AG1",4.38e-05,1.43e-06,-0.782
"1293","RPS15",4.42e-05,1.45e-06,0.571
"1294","SASH1",4.44e-05,1.46e-06,0.985
"1295","ZBTB43",4.44e-05,1.46e-06,-0.563
"1296","KMT2C",4.46e-05,1.47e-06,-0.523
"1297","RNASEH1",4.48e-05,1.48e-06,-0.55
"1298","NSD1",4.48e-05,1.48e-06,-0.727
"1299","PPP2R3A",4.49e-05,1.48e-06,-0.828
"1300","ZNF91",4.5e-05,1.49e-06,-0.658
"1301","",4.51e-05,1.49e-06,-0.867
"1302","",4.51e-05,1.49e-06,-0.511
"1303","TCAF1",4.53e-05,1.5e-06,-0.611
"1304","",4.62e-05,1.53e-06,-1.03
"1305","USP4",4.62e-05,1.53e-06,-0.761
"1306","BMP8B",4.63e-05,1.54e-06,-0.81
"1307","FOLR3",4.63e-05,1.54e-06,1.25
"1308","ABHD17B",4.63e-05,1.54e-06,-0.707
"1309","WDR33",4.63e-05,1.54e-06,-0.566
"1310","TRIM23",4.63e-05,1.54e-06,-0.55
"1311","TYROBP",4.64e-05,1.55e-06,0.522
"1312","VNN 1.00",4.65e-05,1.55e-06,1.2
"1313","LBH",4.66e-05,1.55e-06,-0.699
"1314","TSPO",4.66e-05,1.56e-06,0.519
"1315","SULT1B1",4.66e-05,1.56e-06,0.629
"1316","",4.66e-05,1.56e-06,-0.786
"1317","",4.68e-05,1.57e-06,-0.848
"1318","POU5F1",4.7e-05,1.58e-06,-0.538
"1319","",4.71e-05,1.58e-06,-0.837
"1320","IGF2BP3",4.74e-05,1.59e-06,0.532
"1321","",4.75e-05,1.6e-06,-0.773
"1322","FANCI",4.76e-05,1.6e-06,0.816
"1323","ATE1",4.8e-05,1.61e-06,-0.591
"1324","EXTL2",4.8e-05,1.62e-06,-0.647
"1325","CCBE1",4.85e-05,1.64e-06,-1
"1326","S100A11",4.86e-05,1.64e-06,0.612
"1327","GAS6",4.89e-05,1.65e-06,0.663
"1328","",4.9e-05,1.66e-06,-0.651
"1329","EBF1",4.91e-05,1.66e-06,-0.679
"1330","ICA1",4.92e-05,1.67e-06,0.69
"1331","SLC26A11",4.93e-05,1.67e-06,-0.588
"1332","RPL7L1",4.94e-05,1.68e-06,-0.577
"1333","IKZF2",4.99e-05,1.7e-06,-0.831
"1334","",4.99e-05,1.7e-06,0.613
"1335","ADNP",5.01e-05,1.71e-06,-1.04
"1336","BACE2",5.02e-05,1.71e-06,-0.823
"1337","EBLN2",5.03e-05,1.72e-06,-0.68
"1338","FKTN",5.06e-05,1.73e-06,-0.513
"1339","",5.08e-05,1.74e-06,-1.19
"1340","",5.09e-05,1.74e-06,-0.694
"1341","",5.09e-05,1.74e-06,-0.683
"1342","EDAR",5.13e-05,1.76e-06,-0.642
"1343","ZNF275",5.13e-05,1.76e-06,-0.577
"1344","METTL16",5.14e-05,1.76e-06,-0.543
"1345","SF1",5.14e-05,1.77e-06,-1.17
"1346","OLR1",5.14e-05,1.77e-06,1.74
"1347","GALNT14",5.15e-05,1.77e-06,0.523
"1348","CHAF1B",5.15e-05,1.77e-06,0.742
"1349","NUF2",5.2e-05,1.79e-06,0.711
"1350","E2F7",5.2e-05,1.79e-06,0.556
"1351","",5.21e-05,1.8e-06,-0.602
"1352","SKA1",5.22e-05,1.8e-06,0.623
"1353","",5.24e-05,1.81e-06,-0.541
"1354","",5.27e-05,1.82e-06,-0.554
"1355","TFAP2A",5.27e-05,1.83e-06,-0.707
"1356","PRTN3",5.3e-05,1.84e-06,1.83
"1357","DDX60",5.37e-05,1.86e-06,0.956
"1358","BMX",5.45e-05,1.89e-06,1.04
"1359","SLC7A5",5.57e-05,1.94e-06,1.05
"1360","IFI30",5.59e-05,1.95e-06,0.702
"1361","CD300C",5.6e-05,1.95e-06,0.778
"1362","RAP1A",5.6e-05,1.95e-06,-0.958
"1363","RPS24",5.6e-05,1.96e-06,0.502
"1364","DGKA",5.6e-05,1.96e-06,-0.871
"1365","AKAP13",5.61e-05,1.96e-06,-0.642
"1366","TMEM144",5.64e-05,1.97e-06,0.904
"1367","",5.64e-05,1.97e-06,-0.503
"1368","ETV3",5.64e-05,1.98e-06,-0.77
"1369","BLZF1",5.68e-05,1.99e-06,-0.818
"1370","",5.71e-05,2.01e-06,-0.704
"1371","SLC6A12",5.77e-05,2.03e-06,0.792
"1372","GPR89B",5.91e-05,2.08e-06,-0.832
"1373","",5.91e-05,2.08e-06,-0.686
"1374","ZNF438",5.91e-05,2.08e-06,0.642
"1375","PCDHB9",5.92e-05,2.09e-06,-1.01
"1376","IFIH1",5.93e-05,2.09e-06,0.809
"1377","",5.94e-05,2.09e-06,-0.531
"1378","CRIPAK",5.94e-05,2.1e-06,-0.617
"1379","CDC14A",5.95e-05,2.1e-06,-0.682
"1380","FAM46C",6e-05,2.12e-06,1.03
"1381","",6.05e-05,2.14e-06,-0.621
"1382","TNFSF13B",6.09e-05,2.16e-06,0.776
"1383","",6.16e-05,2.19e-06,0.854
"1384","GSDMB",6.17e-05,2.19e-06,-0.982
"1385","SMAGP",6.21e-05,2.21e-06,-0.592
"1386","ID3",6.27e-05,2.23e-06,-0.502
"1387","PRICKLE1",6.29e-05,2.24e-06,-0.636
"1388","",6.29e-05,2.24e-06,-0.817
"1389","MDN1",6.33e-05,2.26e-06,-0.585
"1390","RRM2",6.33e-05,2.26e-06,0.886
"1391","C10orf10",6.33e-05,2.26e-06,0.557
"1392","",6.45e-05,2.31e-06,-0.949
"1393","PMEPA1",6.46e-05,2.31e-06,-0.616
"1394","BPI",6.46e-05,2.32e-06,1.81
"1395","AGAP4",6.5e-05,2.33e-06,-0.559
"1396","FAR2",6.57e-05,2.36e-06,0.665
"1397","",6.58e-05,2.37e-06,-0.667
"1398","C17orf58",6.59e-05,2.37e-06,0.644
"1399","ADAM28",6.68e-05,2.41e-06,-0.706
"1400","",6.72e-05,2.43e-06,-0.918
"1401","HACD1",6.72e-05,2.43e-06,0.864
"1402","C17orf53",6.73e-05,2.44e-06,0.598
"1403","",6.75e-05,2.45e-06,-0.692
"1404","TTC14",6.83e-05,2.48e-06,-0.524
"1405","",6.84e-05,2.48e-06,-0.556
"1406","EPOR",6.85e-05,2.49e-06,0.545
"1407","HAUS2",6.85e-05,2.49e-06,-0.841
"1408","",6.93e-05,2.53e-06,-0.695
"1409","AHI1",6.93e-05,2.53e-06,-0.718
"1410","ZNF346",6.93e-05,2.53e-06,-0.704
"1411","CEP85L",6.99e-05,2.55e-06,-0.794
"1412","BST2",7.02e-05,2.57e-06,0.558
"1413","",7.05e-05,2.58e-06,-0.942
"1414","",7.09e-05,2.6e-06,-0.608
"1415","DHX58",7.09e-05,2.6e-06,0.8
"1416","AGPAT2",7.09e-05,2.6e-06,0.503
"1417","",7.09e-05,2.6e-06,-0.674
"1418","ERBIN",7.16e-05,2.63e-06,-0.552
"1419","MARCH6",7.18e-05,2.64e-06,-0.515
"1420","BCL11B",7.25e-05,2.67e-06,-0.501
"1421","SLC44A4",7.25e-05,2.68e-06,-0.569
"1422","SLC16A3",7.3e-05,2.7e-06,0.536
"1423","CDAN1",7.3e-05,2.7e-06,-0.594
"1424","TCF4",7.3e-05,2.71e-06,-0.653
"1425","DYNLT1",7.34e-05,2.73e-06,0.605
"1426","CRISPLD2",7.36e-05,2.73e-06,0.816
"1427","CSF2RA",7.42e-05,2.76e-06,-0.844
"1428","ZNF551",7.49e-05,2.79e-06,-0.575
"1429","MX1",7.64e-05,2.85e-06,0.932
"1430","FRYL",7.67e-05,2.86e-06,-0.551
"1431","",7.72e-05,2.88e-06,-0.617
"1432","BEND5",7.77e-05,2.9e-06,-0.542
"1433","GPR89B",7.81e-05,2.92e-06,-0.689
"1434","NFATC3",7.81e-05,2.92e-06,-0.533
"1435","AFF3",7.86e-05,2.94e-06,-0.525
"1436","ACTA2",7.9e-05,2.96e-06,0.773
"1437","",7.92e-05,2.97e-06,-1.11
"1438","FAM102A",7.93e-05,2.98e-06,-0.509
"1439","C22orf34",7.93e-05,2.98e-06,-1.24
"1440","CD96",7.97e-05,3e-06,-0.523
"1441","CTNNAL1",8.02e-05,3.02e-06,1.01
"1442","SAMD9",8.09e-05,3.05e-06,0.614
"1443","TDRD9",8.11e-05,3.06e-06,1.04
"1444","CSF2RA",8.17e-05,3.08e-06,-0.594
"1445","SLC2A14",8.18e-05,3.09e-06,0.826
"1446","LATS1",8.28e-05,3.13e-06,-0.513
"1447","RBBP6",8.28e-05,3.13e-06,-0.6
"1448","CAPN5",8.28e-05,3.13e-06,-0.572
"1449","SLA2",8.49e-05,3.22e-06,0.52
"1450","ARRDC5",8.53e-05,3.24e-06,-0.67
"1451","BAGE2",8.56e-05,3.25e-06,-0.833
"1452","RRAS",8.73e-05,3.32e-06,0.504
"1453","CCR9",8.81e-05,3.35e-06,-0.853
"1454","CEACAM1",8.81e-05,3.36e-06,1.01
"1455","TPST1",8.95e-05,3.42e-06,-0.602
"1456","CDK1",8.96e-05,3.42e-06,0.685
"1457","",9e-05,3.44e-06,-0.665
"1458","",9.14e-05,3.49e-06,-0.988
"1459","HBM",9.14e-05,3.5e-06,1.12
"1460","SF1",9.17e-05,3.51e-06,-0.995
"1461","STOM",9.22e-05,3.54e-06,1.01
"1462","CHPT1",9.22e-05,3.54e-06,1
"1463","FAM102A",9.26e-05,3.56e-06,-0.85
"1464","MARC1",9.28e-05,3.56e-06,0.872
"1465","PDE4C",9.29e-05,3.57e-06,-0.587
"1466","BRWD1",9.3e-05,3.58e-06,-0.777
"1467","UTRN",9.34e-05,3.6e-06,-0.578
"1468","RRP7BP",9.34e-05,3.6e-06,-0.67
"1469","",9.37e-05,3.61e-06,-0.563
"1470","IL15RA",9.46e-05,3.65e-06,0.691
"1471","SGO1",9.5e-05,3.67e-06,0.546
"1472","KMT2C",9.52e-05,3.68e-06,-0.785
"1473","SEC24B",9.68e-05,3.75e-06,-0.652
"1474","",9.7e-05,3.76e-06,-0.551
"1475","",9.7e-05,3.76e-06,-0.694
"1476","DHX40",9.7e-05,3.76e-06,-0.535
"1477","POGZ",9.88e-05,3.84e-06,-1.04
"1478","TSPAN7",9.96e-05,3.87e-06,1.5
"1479","",1e-04,3.9e-06,-1.03
"1480","LDOC1",0.000101,3.92e-06,-0.539
"1481","CD79A",0.000101,3.93e-06,-0.847
"1482","ADAP2",0.000101,3.93e-06,0.547
"1483","GOLGA6B",0.000101,3.94e-06,-0.696
"1484","ZFP14",0.000101,3.95e-06,-0.731
"1485","DNAJC28",0.000101,3.95e-06,-0.573
"1486","NSUN5P1",0.000102,3.97e-06,-0.811
"1487","NBPF1",0.000102,4e-06,-0.534
"1488","TP53BP2",0.000103,4.05e-06,1.04
"1489","EPG5",0.000103,4.06e-06,-0.581
"1490","PEX26",0.000104,4.1e-06,-0.63
"1491","PLK4",0.000105,4.15e-06,0.68
"1492","",0.000106,4.17e-06,-0.936
"1493","",0.000106,4.2e-06,-0.839
"1494","MSRB1",0.000107,4.21e-06,0.642
"1495","HIST1H2BD",0.000107,4.22e-06,0.686
"1496","TFDP2",0.000108,4.28e-06,0.851
"1497","",0.000108,4.28e-06,-0.652
"1498","PIK3AP1",0.000109,4.34e-06,0.52
"1499","LOC154761",0.00011,4.35e-06,-0.714
"1500","ANXA11",0.00011,4.38e-06,-0.5
"1501","EPB41L5",0.00011,4.39e-06,-0.517
"1502","ERBIN",0.000111,4.42e-06,-0.589
"1503","",0.000111,4.43e-06,-1.14
"1504","",0.000111,4.44e-06,-0.513
"1505","P2RY10",0.000111,4.45e-06,-0.52
"1506","LIN7A",0.000112,4.48e-06,0.95
"1507","AIRE",0.000113,4.5e-06,-0.541
"1508","",0.000113,4.54e-06,-0.583
"1509","",0.000115,4.6e-06,-0.673
"1510","ASXL2",0.000115,4.61e-06,-0.51
"1511","",0.000115,4.62e-06,0.693
"1512","",0.000117,4.69e-06,0.591
"1513","CHST12",0.000117,4.71e-06,-0.63
"1514","GCH1",0.000118,4.77e-06,0.524
"1515","C12orf76",0.000119,4.83e-06,0.514
"1516","IRAK3",0.00012,4.86e-06,0.697
"1517","",0.000121,4.89e-06,-0.598
"1518","",0.000123,4.99e-06,-0.888
"1519","TMEM259",0.000123,5.02e-06,-0.667
"1520","RAB12",0.000123,5.02e-06,-0.699
"1521","",0.000124,5.05e-06,-0.727
"1522","PFKFB3",0.000125,5.09e-06,0.704
"1523","SIGLEC16",0.000125,5.09e-06,0.736
"1524","CDKN2D",0.000127,5.18e-06,0.708
"1525","SIGLEC1",0.000127,5.22e-06,1.01
"1526","ANKRD36B",0.000127,5.22e-06,-0.707
"1527","GOSR2",0.000128,5.24e-06,-0.585
"1528","HIST1H3D",0.000128,5.27e-06,0.7
"1529","IFIT1",0.00013,5.34e-06,1.45
"1530","",0.00013,5.34e-06,-0.876
"1531","PLEKHB1",0.00013,5.35e-06,-0.517
"1532","",0.00013,5.35e-06,-0.858
"1533","TMEM110",0.00013,5.37e-06,0.512
"1534","FHL2",0.000133,5.51e-06,0.578
"1535","FIGNL2",0.000133,5.52e-06,-0.575
"1536","SORBS3",0.000134,5.53e-06,-0.547
"1537","RPL41",0.000134,5.56e-06,0.508
"1538","",0.000135,5.57e-06,-0.61
"1539","",0.000135,5.59e-06,-0.754
"1540","PITX2",0.000135,5.63e-06,0.526
"1541","MAPK14",0.000135,5.63e-06,0.606
"1542","HELLS",0.000136,5.64e-06,0.782
"1543","KLHDC8B",0.000136,5.67e-06,0.662
"1544","LRRC37A",0.000137,5.72e-06,-0.598
"1545","",0.000137,5.72e-06,-0.678
"1546","",0.000138,5.75e-06,0.516
"1547","TROVE2",0.000138,5.75e-06,0.527
"1548","TBC1D5",0.000139,5.81e-06,-0.54
"1549","MAN1C1",0.00014,5.86e-06,-0.557
"1550","ANKRD13D",0.000142,5.91e-06,-0.786
"1551","",0.000142,5.92e-06,0.738
"1552","HMBOX1",0.000143,5.98e-06,-0.609
"1553","HNRNPA1",0.000145,6.05e-06,-0.665
"1554","OAS1",0.000145,6.06e-06,1.02
"1555","GRAP",0.000148,6.21e-06,-0.567
"1556","CASP2",0.000149,6.24e-06,-0.524
"1557","",0.000149,6.27e-06,-1.03
"1558","CCNL2",0.00015,6.34e-06,-0.56
"1559","ST3GAL4",0.00015,6.35e-06,0.722
"1560","CTNNAL1",0.000151,6.4e-06,0.981
"1561","",0.000152,6.42e-06,-0.577
"1562","",0.000153,6.48e-06,-0.608
"1563","GAS6",0.000153,6.51e-06,0.609
"1564","LILRB1",0.000154,6.53e-06,-0.567
"1565","KIAA1683",0.000154,6.56e-06,-0.622
"1566","HBE1",0.000155,6.59e-06,1.54
"1567","MS4A6A",0.000155,6.61e-06,0.542
"1568","LOC642852",0.000155,6.62e-06,-0.679
"1569","C1orf56",0.000156,6.64e-06,-0.73
"1570","",0.000156,6.65e-06,-0.945
"1571","HM13",0.000156,6.68e-06,-0.952
"1572","CENPE",0.000157,6.7e-06,0.671
"1573","RETN",0.000157,6.72e-06,1.53
"1574","ZNF57",0.000157,6.74e-06,-0.657
"1575","",0.000157,6.75e-06,-0.507
"1576","CEP170",0.000157,6.75e-06,-0.634
"1577","",0.000157,6.76e-06,-0.815
"1578","",0.000157,6.77e-06,0.582
"1579","RNASE3",0.000158,6.78e-06,1.69
"1580","HIP1R",0.000158,6.79e-06,-0.543
"1581","FCER1A",0.000159,6.84e-06,-1.01
"1582","CTBP1",0.000159,6.87e-06,-0.79
"1583","GDF11",0.000159,6.88e-06,-0.613
"1584","CSDE1",0.00016,6.89e-06,-0.768
"1585","CDCA7",0.00016,6.92e-06,0.526
"1586","TIAM2",0.000162,7e-06,-0.84
"1587","CD19",0.000162,7.02e-06,-0.506
"1588","TCF7",0.000162,7.02e-06,-0.644
"1589","TYSND1",0.000162,7.05e-06,-0.62
"1590","",0.000163,7.07e-06,0.623
"1591","RN7SK",0.000166,7.21e-06,1.54
"1592","",0.000166,7.21e-06,-0.544
"1593","DBT",0.000166,7.25e-06,-0.524
"1594","LHFPL2",0.000166,7.25e-06,0.544
"1595","TDRD7",0.000166,7.25e-06,0.525
"1596","TELO2",0.000166,7.25e-06,-0.753
"1597","C9orf40",0.00017,7.44e-06,0.598
"1598","SMC1A",0.00017,7.45e-06,-0.59
"1599","SPG7",0.00017,7.46e-06,-0.531
"1600","GRAP",0.000171,7.47e-06,-0.688
"1601","",0.000171,7.51e-06,-0.588
"1602","NBR1",0.000172,7.53e-06,-0.636
"1603","NTNG2",0.000173,7.6e-06,0.642
"1604","MAPK14",0.000174,7.66e-06,0.784
"1605","CNTNAP2",0.000174,7.68e-06,-1.34
"1606","ATP8B4",0.000174,7.69e-06,0.672
"1607","FAM83D",0.000175,7.72e-06,0.542
"1608","KIF4A",0.000175,7.75e-06,0.593
"1609","",0.000176,7.81e-06,0.683
"1610","TLR5",0.000177,7.86e-06,0.701
"1611","",0.000177,7.86e-06,-0.585
"1612","PSG9",0.000178,7.88e-06,0.954
"1613","",0.000178,7.89e-06,0.882
"1614","SAMD1",0.000179,7.96e-06,-0.547
"1615","",0.00018,7.98e-06,-0.75
"1616","SSSCA1",0.000181,8.02e-06,0.559
"1617","ANKRD34B",0.000181,8.03e-06,0.987
"1618","RNASE4",0.000181,8.04e-06,0.685
"1619","NFATC2IP",0.000181,8.05e-06,-0.686
"1620","OSM",0.000184,8.18e-06,0.848
"1621","SNORD4A",0.000185,8.24e-06,-0.67
"1622","FAM89A",0.000185,8.25e-06,0.534
"1623","NFATC3",0.000187,8.33e-06,-0.593
"1624","",0.000188,8.38e-06,-0.672
"1625","",0.000188,8.39e-06,-0.903
"1626","IGFBP7",0.000189,8.44e-06,0.544
"1627","RNF213",0.00019,8.52e-06,-0.702
"1628","",0.000192,8.62e-06,-0.764
"1629","",0.000193,8.66e-06,-0.966
"1630","VRK2",0.000194,8.73e-06,0.51
"1631","NR4A2",0.000194,8.74e-06,-0.507
"1632","ZNF525",0.000196,8.81e-06,-0.545
"1633","",0.000196,8.83e-06,1.36
"1634","GCLC",0.000197,8.88e-06,0.702
"1635","C6orf52",0.000197,8.91e-06,0.555
"1636","",0.000197,8.91e-06,-0.967
"1637","USP32",2e-04,9.07e-06,-0.728
"1638","",0.000202,9.16e-06,0.586
"1639","UBE2T",0.000202,9.17e-06,0.503
"1640","",0.000202,9.18e-06,-0.731
"1641","AZU1",0.000203,9.23e-06,1.66
"1642","UPF3A",0.000205,9.32e-06,-0.504
"1643","TCAF2",0.000207,9.4e-06,-0.82
"1644","",0.000207,9.44e-06,-0.753
"1645","KAT6B",0.000208,9.48e-06,-0.679
"1646","EGF",0.000212,9.72e-06,0.579
"1647","",0.000213,9.75e-06,-0.536
"1648","SCML1",0.000214,9.78e-06,-0.631
"1649","HIGD1A",0.000214,9.8e-06,0.514
"1650","RBM15B",0.000214,9.84e-06,-0.522
"1651","HABP4",0.000215,9.9e-06,-0.523
"1652","",0.000216,9.94e-06,0.503
"1653","RNF13",0.000217,9.98e-06,-0.812
"1654","",0.000217,1e-05,-0.976
"1655","SORL1",0.000218,1e-05,-0.683
"1656","CD200R1",0.000218,1.01e-05,-0.761
"1657","SLC9A4",0.000221,1.02e-05,0.534
"1658","CCNF",0.000222,1.02e-05,0.628
"1659","SLX4IP",0.000222,1.02e-05,-0.586
"1660","",0.000222,1.03e-05,0.672
"1661","CASP5",0.000224,1.04e-05,1.14
"1662","ADAMTSL4",0.000227,1.05e-05,0.538
"1663","ELF2",0.000227,1.05e-05,-0.781
"1664","",0.000231,1.08e-05,-0.607
"1665","RAD51",0.000233,1.09e-05,0.553
"1666","GABARAPL2",0.000234,1.09e-05,0.752
"1667","SOX6",0.000235,1.09e-05,1.02
"1668","PLS3",0.000236,1.1e-05,0.598
"1669","",0.000237,1.11e-05,-0.865
"1670","PAXBP1",0.000238,1.11e-05,-0.728
"1671","FCGBP",0.000239,1.12e-05,-0.574
"1672","WNK1",0.000241,1.13e-05,-0.759
"1673","ST7",0.000242,1.14e-05,0.732
"1674","RIOK3",0.000243,1.14e-05,0.694
"1675","",0.000244,1.15e-05,-0.519
"1676","TYW3",0.000244,1.15e-05,-0.525
"1677","PSG11",0.000245,1.15e-05,0.921
"1678","",0.000246,1.16e-05,0.699
"1679","QPCT",0.000246,1.16e-05,0.705
"1680","C17orf99",0.000246,1.16e-05,1.29
"1681","ATXN2L",0.000251,1.19e-05,-0.749
"1682","MPRIP",0.000251,1.19e-05,-0.592
"1683","CYFIP1",0.000252,1.2e-05,0.691
"1684","ARHGAP24",0.000252,1.2e-05,-0.733
"1685","IFNLR1",0.000253,1.2e-05,-0.645
"1686","HBD",0.000255,1.22e-05,1.45
"1687","NT5C3A",0.000256,1.22e-05,0.595
"1688","AHSP",0.000257,1.23e-05,1.08
"1689","ATXN3",0.000258,1.23e-05,-0.542
"1690","SYTL2",0.000258,1.23e-05,-0.561
"1691","C17orf58",0.000258,1.24e-05,0.513
"1692","SNHG10",0.000259,1.24e-05,0.748
"1693","MYBPH",0.000259,1.24e-05,-0.702
"1694","POFUT1",0.00026,1.25e-05,-0.5
"1695","",0.000262,1.26e-05,-0.769
"1696","PRKCE",0.000262,1.26e-05,-0.51
"1697","UBE2I",0.000262,1.26e-05,-0.536
"1698","",0.000263,1.26e-05,-0.654
"1699","RAX2",0.000263,1.26e-05,-0.818
"1700","TALDO1",0.000263,1.26e-05,-0.676
"1701","LCK",0.000266,1.28e-05,-0.909
"1702","SERPINB2",0.000267,1.28e-05,0.741
"1703","LINC01567",0.000268,1.29e-05,-0.529
"1704","MED15",0.000269,1.29e-05,-0.697
"1705","SMARCD3",0.000269,1.3e-05,0.718
"1706","HACD4",0.00027,1.3e-05,-0.733
"1707","CD70",0.000273,1.32e-05,0.674
"1708","ISCA1",0.000274,1.32e-05,0.65
"1709","",0.000274,1.33e-05,-0.695
"1710","SGO1",0.000274,1.33e-05,0.506
"1711","PLS3",0.000275,1.33e-05,0.807
"1712","",0.000275,1.33e-05,0.804
"1713","",0.000277,1.34e-05,-0.526
"1714","DTX3L",0.000278,1.35e-05,0.824
"1715","",0.00028,1.36e-05,-0.669
"1716","ALAS2",0.000283,1.37e-05,1.45
"1717","ASL",0.000283,1.38e-05,-0.59
"1718","RBP7",0.000285,1.39e-05,0.774
"1719","RAB32",0.000286,1.39e-05,0.7
"1720","BIN3",0.000286,1.4e-05,-0.586
"1721","TSPAN7",0.000287,1.4e-05,1.16
"1722","NHSL2",0.000289,1.41e-05,-0.616
"1723","KLHL3",0.000291,1.43e-05,-0.507
"1724","",0.000292,1.43e-05,-0.864
"1725","OGFOD3",0.000296,1.45e-05,-0.529
"1726","SPTBN1",0.000299,1.47e-05,-0.596
"1727","EIF4E3",0.000302,1.48e-05,0.557
"1728","SPON1",0.000304,1.5e-05,-0.661
"1729","",0.000304,1.5e-05,-0.792
"1730","PSRC1",0.000306,1.51e-05,0.537
"1731","RAD54L",0.000309,1.53e-05,0.521
"1732","PRRG4",0.000311,1.54e-05,-0.585
"1733","GUCA1B",0.000315,1.56e-05,-0.541
"1734","CCL3L3",0.000315,1.56e-05,0.708
"1735","SIGLEC5",0.000317,1.57e-05,0.95
"1736","ANP32A",0.000321,1.59e-05,0.591
"1737","FOXP1",0.000322,1.6e-05,-0.547
"1738","CCM2",0.000322,1.6e-05,-0.825
"1739","HNRNPA1P10",0.000323,1.61e-05,-0.587
"1740","ZNF644",0.000324,1.61e-05,-0.593
"1741","TRA2A",0.000331,1.66e-05,-0.541
"1742","GPD2",0.000334,1.68e-05,0.542
"1743","KLRB1",0.000335,1.68e-05,-0.676
"1744","",0.000341,1.71e-05,-0.609
"1745","DDB1",0.000341,1.72e-05,-0.658
"1746","RDM1",0.000341,1.72e-05,0.557
"1747","",0.000343,1.73e-05,-0.59
"1748","",0.000343,1.73e-05,-0.729
"1749","LRCH3",0.000344,1.74e-05,-0.725
"1750","SORT1",0.000345,1.74e-05,0.696
"1751","CCDC7",0.000345,1.75e-05,-0.726
"1752","",0.000346,1.75e-05,-0.609
"1753","",0.000353,1.79e-05,-0.506
"1754","NELL1",0.000354,1.8e-05,0.844
"1755","PKMYT1",0.000354,1.8e-05,0.531
"1756","",0.000356,1.81e-05,-0.542
"1757","IL9R",0.000359,1.83e-05,-0.653
"1758","RAB13",0.000359,1.83e-05,0.517
"1759","PDE7A",0.000359,1.83e-05,-0.641
"1760","TNFSF14",0.000359,1.83e-05,-0.578
"1761","SNX22",0.000362,1.85e-05,-0.553
"1762","RNF213",0.000372,1.91e-05,0.617
"1763","RNF165",0.000372,1.91e-05,-0.921
"1764","",0.000379,1.95e-05,0.523
"1765","",0.000381,1.97e-05,-0.651
"1766","MEFV",0.000386,1.99e-05,0.738
"1767","RBM39",0.000388,2.01e-05,-0.532
"1768","AGO3",0.000388,2.01e-05,-0.51
"1769","OPN3",0.000393,2.03e-05,-0.516
"1770","",0.000393,2.03e-05,-0.836
"1771","PNPLA2",0.000394,2.04e-05,0.725
"1772","SERPINA1",0.000397,2.06e-05,0.624
"1773","UBN2",0.000397,2.06e-05,-0.824
"1774","NLRC4",0.000399,2.07e-05,0.747
"1775","SH3KBP1",0.000399,2.08e-05,-0.721
"1776","DPP7",0.000401,2.09e-05,-0.674
"1777","CDA",0.000404,2.11e-05,0.644
"1778","CCR2",0.000409,2.14e-05,0.636
"1779","HNRNPA1L2",0.000409,2.14e-05,-0.512
"1780","CREB5",0.000411,2.15e-05,-1.16
"1781","",0.000412,2.16e-05,-0.798
"1782","TOX",0.000413,2.16e-05,-0.537
"1783","CD14",0.000413,2.16e-05,0.561
"1784","IFNAR2",0.000418,2.19e-05,-0.573
"1785","PGS1",0.00042,2.2e-05,0.568
"1786","SLC48A1",0.000421,2.21e-05,0.741
"1787","",0.000421,2.21e-05,-0.747
"1788","CA1",0.000423,2.23e-05,1.68
"1789","USP13",0.000424,2.23e-05,-0.507
"1790","",0.000426,2.24e-05,-0.615
"1791","",0.000427,2.25e-05,-0.566
"1792","HBZ",0.000427,2.25e-05,2.13
"1793","MS4A3",0.000429,2.26e-05,1.4
"1794","TTC8",0.000436,2.3e-05,-0.586
"1795","OSBPL10",0.000436,2.3e-05,-0.558
"1796","MYOF",0.000439,2.32e-05,0.727
"1797","ABCC4",0.000442,2.34e-05,0.588
"1798","",0.000452,2.4e-05,-0.818
"1799","CLEC4C",0.000452,2.4e-05,-0.742
"1800","HPSE",0.000452,2.4e-05,0.66
"1801","SLC25A36",0.000454,2.41e-05,-0.585
"1802","HESX1",0.000454,2.41e-05,1.15
"1803","RGL1",0.000458,2.44e-05,0.729
"1804","FCRL3",0.000459,2.44e-05,-0.752
"1805","IL5RA",0.00046,2.45e-05,-0.715
"1806","FAM35A",0.00046,2.45e-05,-0.719
"1807","",0.000463,2.47e-05,-0.645
"1808","RNF135",0.000464,2.48e-05,0.59
"1809","HERC5",0.000475,2.55e-05,1.11
"1810","KIAA1524",0.000475,2.55e-05,0.521
"1811","SNORD14C",0.000476,2.56e-05,-0.533
"1812","TCF7",0.000476,2.56e-05,-0.726
"1813","MS4A3",0.00048,2.58e-05,1.34
"1814","CAPN15",0.000481,2.59e-05,-0.551
"1815","CDC14A",0.000484,2.61e-05,-0.866
"1816","CLEC4A",0.000484,2.61e-05,0.505
"1817","ANKRD20A1",0.000488,2.64e-05,-0.878
"1818","SNORD46",0.000489,2.65e-05,-0.687
"1819","",0.000489,2.65e-05,-0.545
"1820","ATF3",0.000491,2.66e-05,0.985
"1821","IL1RN",0.000493,2.67e-05,1
"1822","AGAP4",0.000497,2.7e-05,-0.761
"1823","ABCC4",0.000506,2.75e-05,0.526
"1824","",0.000507,2.76e-05,-0.646
"1825","TMEM51",0.000509,2.77e-05,0.868
"1826","SATB1",0.000512,2.79e-05,-0.521
"1827","",0.000517,2.82e-05,-0.554
"1828","NBPF9",0.000518,2.83e-05,-1.02
"1829","RAB20",0.00052,2.84e-05,0.65
"1830","",0.000523,2.86e-05,-0.701
"1831","CEP85L",0.000524,2.87e-05,-0.802
"1832","",0.000528,2.89e-05,-0.517
"1833","ZNF514",0.000528,2.89e-05,-0.701
"1834","ERC1",0.00053,2.91e-05,-0.635
"1835","SFI1",0.000531,2.91e-05,-0.522
"1836","ADAM23",0.000532,2.92e-05,-0.614
"1837","CNN2",0.000534,2.93e-05,-0.773
"1838","TLE2",0.000534,2.94e-05,-0.504
"1839","LINC00877",0.000534,2.94e-05,-0.507
"1840","",0.000535,2.94e-05,0.625
"1841","ATG10",0.000535,2.95e-05,-0.501
"1842","EEF1G",0.000537,2.96e-05,-0.507
"1843","SERPINA1",0.00054,2.98e-05,0.611
"1844","FAM129C",0.000544,3e-05,-0.508
"1845","RRN3P1",0.000546,3.02e-05,-0.81
"1846","",0.000546,3.02e-05,-0.669
"1847","",0.000547,3.02e-05,0.795
"1848","NBPF1",0.000547,3.02e-05,-1.02
"1849","CEP70",0.000554,3.06e-05,-0.522
"1850","METTL2A",0.000559,3.1e-05,-0.562
"1851","CA4",0.000559,3.1e-05,1.04
"1852","CARMIL1",0.00057,3.17e-05,-0.562
"1853","ROPN1L",0.00057,3.17e-05,0.719
"1854","",0.00057,3.17e-05,-0.537
"1855","ISCU",0.00057,3.17e-05,-0.529
"1856","FAS",0.000571,3.18e-05,0.611
"1857","ZNF322",0.000572,3.19e-05,-0.58
"1858","SAMD9L",0.000572,3.19e-05,0.757
"1859","HLA-DOB",0.000582,3.25e-05,-0.556
"1860","",0.000585,3.27e-05,1.01
"1861","CHMP5",0.000598,3.35e-05,0.582
"1862","PRG2",0.000606,3.4e-05,1.31
"1863","RALGPS1",0.000612,3.45e-05,-0.534
"1864","CLEC4G",0.000617,3.48e-05,0.611
"1865","",0.000617,3.48e-05,1.24
"1866","CES3",0.000631,3.57e-05,1.16
"1867","COBLL1",0.000636,3.61e-05,-0.639
"1868","",0.000638,3.62e-05,-0.78
"1869","COG5",0.00064,3.64e-05,-0.532
"1870","TNFAIP6",0.000641,3.64e-05,0.944
"1871","TPM2",0.000646,3.68e-05,-0.59
"1872","TNFRSF10A",0.000646,3.68e-05,-0.503
"1873","PCSK5",0.000647,3.68e-05,-0.514
"1874","FAM177B",0.000661,3.77e-05,-0.788
"1875","NUAK2",0.000661,3.77e-05,-0.581
"1876","TRIM22",0.000667,3.82e-05,0.617
"1877","ABLIM1",0.000668,3.83e-05,-0.567
"1878","",0.000677,3.88e-05,-0.632
"1879","FAM214B",0.00068,3.9e-05,0.506
"1880","FBXO32",0.000705,4.06e-05,-0.547
"1881","",0.000705,4.07e-05,-0.592
"1882","FBXO9",0.000707,4.08e-05,-0.539
"1883","",0.000709,4.1e-05,-0.605
"1884","LAMA3",0.000712,4.11e-05,0.502
"1885","NACC2",0.000715,4.14e-05,0.591
"1886","SCML4",0.000718,4.16e-05,-0.541
"1887","",0.000718,4.16e-05,-0.691
"1888","SIRPB1",0.000718,4.16e-05,0.598
"1889","KLF4",0.000721,4.18e-05,0.531
"1890","BPGM",0.000727,4.22e-05,0.998
"1891","ELOVL6",0.000727,4.22e-05,0.587
"1892","GADD45G",0.000735,4.27e-05,0.619
"1893","CCPG1",0.00074,4.31e-05,0.527
"1894","LPAR1",0.000742,4.32e-05,0.673
"1895","",0.000742,4.32e-05,1.17
"1896","ISCA1",0.000745,4.34e-05,0.599
"1897","UPF2",0.000752,4.4e-05,-0.528
"1898","KMT5B",0.000754,4.41e-05,-0.524
"1899","CTSD",0.000757,4.43e-05,0.502
"1900","PGLYRP1",0.000761,4.46e-05,1.32
"1901","FURIN",0.000769,4.51e-05,0.68
"1902","FYTTD1",0.000771,4.53e-05,-0.511
"1903","ALDOB",0.00078,4.59e-05,-0.771
"1904","TSPAN13",0.000781,4.6e-05,-0.815
"1905","VAPB",0.000789,4.64e-05,-0.516
"1906","GDE1",0.000794,4.68e-05,0.563
"1907","DPEP3",8e-04,4.73e-05,-0.707
"1908","FAM198B",0.000805,4.76e-05,0.674
"1909","RAB38",0.00081,4.8e-05,0.591
"1910","",0.000813,4.81e-05,-0.71
"1911","GOLGA7B",0.000816,4.84e-05,-0.504
"1912","GZMA",0.000826,4.9e-05,0.582
"1913","IFIT5",0.000835,4.97e-05,0.675
"1914","ATAD2",0.00084,5e-05,0.555
"1915","TRIM23",0.000841,5.01e-05,-0.534
"1916","DYSF",0.000842,5.02e-05,0.844
"1917","MBP",0.00085,5.08e-05,-0.598
"1918","",0.000859,5.13e-05,-0.541
"1919","LOC101928150",0.000869,5.2e-05,-0.599
"1920","MBOAT2",0.000873,5.23e-05,-0.618
"1921","NFAT5",0.000874,5.24e-05,-0.577
"1922","RORA",0.000885,5.31e-05,-0.501
"1923","",0.000886,5.32e-05,-0.527
"1924","",0.000888,5.34e-05,-0.577
"1925","SEPT6",0.000912,5.52e-05,-0.524
"1926","",0.000914,5.52e-05,-0.705
"1927","ASGR1",0.000925,5.61e-05,0.51
"1928","CLUAP1",0.000934,5.67e-05,-0.618
"1929","",0.000935,5.68e-05,-0.742
"1930","HNRNPA1L2",0.000935,5.68e-05,-0.501
"1931","VAV1",0.000936,5.69e-05,-0.517
"1932","BMP2K",0.000937,5.7e-05,0.504
"1933","ZNF514",0.000939,5.71e-05,-0.582
"1934","",0.000941,5.73e-05,-0.797
"1935","MMP8",0.000941,5.73e-05,1.64
"1936","TNFRSF25",0.000942,5.73e-05,-0.617
"1937","SNX1",0.00095,5.79e-05,-0.523
"1938","",0.000952,5.81e-05,-0.638
"1939","CD22",0.000958,5.85e-05,-0.577
"1940","SNORD14D",0.000961,5.87e-05,-0.565
"1941","SLC7A3",0.000964,5.89e-05,-0.604
"1942","CASP8",0.000964,5.89e-05,-0.683
"1943","",0.00097,5.93e-05,-0.57
"1944","MOB1A",0.000971,5.94e-05,0.529
"1945","STAB1",0.001,6.13e-05,0.769
"1946","CXCL8",0.001,6.14e-05,-1.27
"1947","RIN2",0.001,6.15e-05,0.601
"1948","",0.001,6.15e-05,-0.519
"1949","TFDP2",0.001,6.16e-05,0.695
"1950","CD248",0.00101,6.19e-05,-0.564
"1951","PLEKHG1",0.00101,6.21e-05,-0.502
"1952","",0.00102,6.29e-05,-0.597
"1953","SERPINB10",0.00102,6.29e-05,0.905
"1954","",0.00102,6.31e-05,-0.612
"1955","CTSL",0.00102,6.33e-05,0.685
"1956","ABCA13",0.00102,6.34e-05,1.23
"1957","PGD",0.00103,6.36e-05,0.564
"1958","LINC01252",0.00103,6.38e-05,-0.558
"1959","DSC1",0.00103,6.39e-05,-0.85
"1960","",0.00103,6.39e-05,-0.905
"1961","",0.00103,6.4e-05,-0.588
"1962","",0.00103,6.42e-05,-0.584
"1963","CDCA7L",0.00103,6.42e-05,-0.522
"1964","",0.00104,6.49e-05,0.514
"1965","",0.00105,6.53e-05,-0.578
"1966","IKZF1",0.00105,6.56e-05,-0.697
"1967","CMBL",0.00105,6.59e-05,1.22
"1968","SERPINB2",0.00106,6.64e-05,0.693
"1969","HBS1L",0.00107,6.7e-05,-0.656
"1970","PDPK1",0.00107,6.71e-05,-0.625
"1971","RORA",0.00107,6.73e-05,-0.842
"1972","BEX3",0.00109,6.86e-05,-0.641
"1973","SIGIRR",0.00109,6.87e-05,-0.555
"1974","",0.0011,6.9e-05,-0.587
"1975","CLEC4E",0.0011,6.96e-05,0.692
"1976","ALDH2",0.00111,7e-05,0.525
"1977","TNIK",0.00111,7.02e-05,-0.621
"1978","KIF1B",0.00112,7.09e-05,0.519
"1979","ERMAP",0.00113,7.15e-05,0.639
"1980","TDRD9",0.00115,7.28e-05,0.796
"1981","OAS1",0.00116,7.35e-05,1.06
"1982","XAF1",0.00116,7.38e-05,0.853
"1983","",0.00116,7.41e-05,-0.789
"1984","",0.00117,7.47e-05,-0.549
"1985","",0.00118,7.51e-05,-0.513
"1986","CAMK4",0.00118,7.51e-05,-0.524
"1987","",0.00119,7.62e-05,0.699
"1988","",0.00121,7.74e-05,0.583
"1989","BNIP3L",0.00121,7.77e-05,0.936
"1990","ZNF654",0.00121,7.78e-05,-0.517
"1991","IKBIP",0.00125,8.02e-05,-0.559
"1992","",0.00125,8.05e-05,-0.678
"1993","",0.00126,8.12e-05,-0.597
"1994","LTBR",0.00127,8.18e-05,0.529
"1995","IVD",0.00128,8.25e-05,-0.532
"1996","",0.00129,8.34e-05,-0.861
"1997","MGST1",0.00129,8.36e-05,0.632
"1998","SLC22A16",0.0013,8.4e-05,0.717
"1999","GPRC5C",0.0013,8.41e-05,0.59
"2000","CTSE",0.0013,8.46e-05,0.709
"2001","HIST1H4E",0.00131,8.51e-05,0.796
"2002","KLHL34",0.00132,8.56e-05,-0.5
"2003","MBP",0.00132,8.62e-05,-0.604
"2004","RPL32",0.00133,8.69e-05,-0.514
"2005","",0.00134,8.72e-05,-0.549
"2006","NMT2",0.00134,8.74e-05,-0.589
"2007","",0.00135,8.81e-05,0.611
"2008","TYMP",0.00136,8.88e-05,0.766
"2009","LAMP3",0.00137,8.92e-05,0.809
"2010","CENPA",0.00137,8.99e-05,0.539
"2011","",0.00139,9.08e-05,-0.569
"2012","",0.0014,9.22e-05,-0.547
"2013","RPPH1",0.0014,9.23e-05,0.801
"2014","CD40",0.00141,9.29e-05,-0.615
"2015","AP1G1",0.00141,9.31e-05,-0.528
"2016","",0.00143,9.45e-05,0.806
"2017","FAM72D",0.00143,9.48e-05,0.591
"2018","PTPRC",0.00144,9.56e-05,-0.756
"2019","CTSL",0.00146,9.7e-05,0.661
"2020","ALAS2",0.00147,9.76e-05,0.742
"2021","",0.00147,9.77e-05,-0.531
"2022","PMEPA1",0.00147,9.79e-05,-0.503
"2023","",0.00148,9.83e-05,-0.526
"2024","",0.00148,9.84e-05,-0.8
"2025","",0.00149,9.91e-05,-0.79
"2026","DOCK9",0.00149,9.91e-05,-0.512
"2027","NFIL3",0.00149,9.92e-05,0.55
"2028","F11R",0.00149,9.93e-05,0.514
"2029","",0.00149,9.93e-05,-0.777
"2030","KMO",0.00149,9.98e-05,-0.509
"2031","KLRG1",0.00151,0.000101,-0.507
"2032","",0.00151,0.000101,-0.683
"2033","HLA-DRB3",0.00153,0.000102,-0.652
"2034","",0.00155,0.000104,-0.694
"2035","AIM2",0.00155,0.000105,0.571
"2036","SMOX",0.00156,0.000105,1.22
"2037","SEPT2",0.00156,0.000105,-0.577
"2038","",0.00157,0.000106,0.67
"2039","",0.00161,0.000109,-0.594
"2040","BNIP3L",0.00161,0.000109,0.829
"2041","USP18",0.00162,0.00011,0.804
"2042","MAFB",0.00163,0.00011,0.631
"2043","SUCNR1",0.00163,0.000111,0.609
"2044","MRFAP1L1",0.00163,0.000111,-0.649
"2045","",0.00165,0.000113,-0.583
"2046","COL8A2",0.00165,0.000113,0.51
"2047","SUMO4",0.00168,0.000115,-0.68
"2048","",0.00168,0.000115,-0.65
"2049","TACSTD2",0.00171,0.000117,1.08
"2050","",0.00171,0.000117,-0.571
"2051","SPHK1",0.00172,0.000118,0.526
"2052","IL18R1",0.00172,0.000118,0.647
"2053","",0.00172,0.000119,-0.91
"2054","LTF",0.00172,0.000119,1.51
"2055","",0.00173,0.000119,-0.627
"2056","",0.00175,0.000121,-0.691
"2057","ITGAM",0.00175,0.000121,0.507
"2058","",0.00175,0.000121,-0.597
"2059","MXI1",0.00177,0.000122,0.92
"2060","BAGE5",0.00178,0.000123,-0.689
"2061","",0.00181,0.000125,-0.705
"2062","RAB2B",0.00181,0.000126,0.788
"2063","",0.00185,0.000129,-0.695
"2064","STIL",0.00185,0.000129,0.54
"2065","IFT88",0.00187,0.000131,-0.516
"2066","FAM198B",0.0019,0.000133,0.627
"2067","SUMO1",0.0019,0.000133,0.515
"2068","CYFIP1",0.0019,0.000133,0.514
"2069","LILRB2",0.0019,0.000133,0.528
"2070","CLEC4C",0.00193,0.000136,-0.654
"2071","",0.00194,0.000136,-0.638
"2072","MPP1",0.00194,0.000136,0.84
"2073","IFIT1",0.00195,0.000137,1.06
"2074","RBM4",0.00196,0.000138,-0.576
"2075","TAF1",0.00196,0.000138,-0.531
"2076","",0.00196,0.000138,-0.745
"2077","NOL10",0.00197,0.000139,-0.561
"2078","MERTK",0.00198,0.00014,0.788
"2079","",0.00198,0.00014,-0.576
"2080","",0.00199,0.000141,-0.716
"2081","DIP2A",0.00202,0.000143,-0.641
"2082","",0.00204,0.000145,-0.693
"2083","TMEM19",0.00209,0.000149,-0.523
"2084","C1QC",0.00209,0.000149,0.714
"2085","",0.0021,0.00015,-0.772
"2086","CTLA4",0.00213,0.000152,0.674
"2087","SUMF2",0.00213,0.000152,-0.679
"2088","UCP3",0.00213,0.000152,-0.506
"2089","PHACTR1",0.00217,0.000156,-0.53
"2090","IKBIP",0.00218,0.000157,-0.509
"2091","CACNA1E",0.00219,0.000157,0.819
"2092","POM121",0.00223,0.000161,-0.504
"2093","",0.00223,0.000161,0.809
"2094","SMPDL3A",0.00225,0.000162,0.739
"2095","",0.00225,0.000163,-0.622
"2096","LAPTM4B",0.00232,0.000168,0.501
"2097","HPCAL4",0.00234,0.00017,-0.538
"2098","SIRPA",0.00241,0.000176,0.574
"2099","NFAT5",0.00242,0.000176,-0.651
"2100","PRKAR1B",0.00248,0.000182,-0.57
"2101","",0.00249,0.000182,-0.891
"2102","DCTN6",0.00249,0.000183,0.515
"2103","NFE2",0.0025,0.000183,0.518
"2104","",0.00253,0.000186,-0.732
"2105","",0.00254,0.000187,-0.633
"2106","SPTA1",0.00255,0.000188,0.731
"2107","",0.00258,0.000191,-0.644
"2108","C1QTNF6",0.0026,0.000192,-0.527
"2109","COL4A3BP",0.00261,0.000193,-0.763
"2110","",0.00262,0.000194,-0.502
"2111","PYGL",0.00264,0.000196,0.629
"2112","VDR",0.00266,0.000198,0.569
"2113","FCRL5",0.00268,0.000199,-0.539
"2114","BCL2A1",0.00269,2e-04,0.657
"2115","",0.00272,0.000204,-0.622
"2116","CCNDBP1",0.00273,0.000205,0.684
"2117","",0.00274,0.000206,-0.997
"2118","",0.00278,0.000208,-0.603
"2119","",0.00279,0.00021,0.544
"2120","C16orf74",0.0028,0.000211,-0.501
"2121","",0.0028,0.000211,0.747
"2122","B3GNT5",0.00282,0.000213,0.632
"2123","SMOX",0.00283,0.000213,1.18
"2124","YOD1",0.00283,0.000214,0.81
"2125","MS4A3",0.00285,0.000216,0.872
"2126","ENTPD4",0.00288,0.000218,-0.515
"2127","DSC1",0.00289,0.000219,-0.809
"2128","TREML3P",0.0029,0.00022,0.806
"2129","JAK1",0.0029,0.00022,-0.596
"2130","HIST2H2BE",0.0029,0.00022,0.544
"2131","VAMP1",0.0029,0.00022,-0.527
"2132","",0.00291,0.000221,-1.1
"2133","",0.00296,0.000225,-0.709
"2134","",0.00302,0.000231,-0.611
"2135","",0.00306,0.000234,-0.565
"2136","PPFIA1",0.0031,0.000238,-0.537
"2137","ACKR1",0.0031,0.000238,1.14
"2138","NDRG3",0.0031,0.000239,-0.584
"2139","",0.00311,0.000239,-0.528
"2140","SORD",0.00311,0.000239,0.526
"2141","GNL3L",0.00311,0.000239,-0.629
"2142","TAF1",0.00314,0.000243,-0.525
"2143","TPM2",0.00315,0.000243,-0.578
"2144","TMEM140",0.00319,0.000247,0.509
"2145","",0.00321,0.000248,0.637
"2146","",0.00321,0.000249,-0.504
"2147","C2orf88",0.00323,0.000251,0.563
"2148","ZADH2",0.00324,0.000252,-0.659
"2149","SLC1A5",0.00329,0.000256,0.616
"2150","SPTBN1",0.00332,0.000259,-0.515
"2151","SLC5A3",0.00336,0.000263,-0.562
"2152","",0.00337,0.000264,-1.03
"2153","GPR141",0.00346,0.000272,0.587
"2154","TSPYL2",0.00346,0.000273,-0.569
"2155","",0.00346,0.000273,0.565
"2156","SERINC5",0.00346,0.000273,-0.519
"2157","CSAD",0.00347,0.000273,-0.501
"2158","FAM101B",0.00347,0.000273,-0.603
"2159","",0.00348,0.000274,0.515
"2160","ARHGEF12",0.00349,0.000275,0.868
"2161","OPA3",0.0035,0.000276,-0.585
"2162","",0.0035,0.000277,-0.759
"2163","TRAV20",0.0035,0.000277,-0.583
"2164","F5",0.00354,0.00028,0.666
"2165","ORM2",0.00359,0.000285,0.931
"2166","",0.00361,0.000287,-0.623
"2167","",0.00365,0.000291,-0.623
"2168","FAM65C",0.00367,0.000293,0.878
"2169","SNCA",0.00371,0.000297,0.895
"2170","GBP1",0.00372,0.000298,0.816
"2171","",0.00373,0.000299,-0.507
"2172","CTNNB1",0.00374,3e-04,-0.518
"2173","PAPSS2",0.00375,0.000302,-0.525
"2174","PI4K2B",0.00376,0.000302,0.629
"2175","ADAM17",0.00376,0.000303,-0.647
"2176","HES6",0.00377,0.000303,0.613
"2177","ARHGAP26",0.00378,0.000304,-0.566
"2178","SLFN5",0.00378,0.000305,-0.674
"2179","",0.0038,0.000306,-0.735
"2180","",0.00389,0.000315,0.601
"2181","ETV7",0.00392,0.000318,0.624
"2182","NAIP",0.00394,0.00032,0.837
"2183","MX2",0.00406,0.000331,0.623
"2184","PARM1",0.00408,0.000333,-0.7
"2185","RSC1A1",0.00408,0.000334,0.511
"2186","CYP1B1",0.00415,0.00034,0.789
"2187","CLIP3",0.00417,0.000342,-0.622
"2188","",0.00423,0.000349,-0.67
"2189","",0.00425,0.00035,-0.544
"2190","GNB4",0.00428,0.000353,-0.563
"2191","TSTA3",0.00439,0.000364,0.743
"2192","RMDN1",0.00439,0.000365,-0.578
"2193","CATSPER1",0.00441,0.000366,0.52
"2194","FECH",0.0045,0.000375,1.04
"2195","MAOA",0.00451,0.000376,0.802
"2196","DIAPH3",0.00452,0.000378,0.506
"2197","TMOD1",0.00456,0.000381,1.09
"2198","TRIM10",0.00457,0.000382,0.981
"2199","CASP8",0.0046,0.000385,-0.656
"2200","",0.00463,0.000387,0.531
"2201","HIST1H4H",0.00464,0.000389,0.818
"2202","ACSL1",0.00468,0.000393,0.592
"2203","DCAF6",0.00471,0.000396,-0.606
"2204","OAS2",0.00474,0.000399,0.775
"2205","",0.0048,0.000405,-0.592
"2206","LOC606724",0.00481,0.000407,-0.61
"2207","BACE2",0.00484,0.000409,-0.593
"2208","CCR3",0.00484,0.00041,-0.813
"2209","RPL7L1",0.00486,0.000412,-0.504
"2210","LRRN1",0.00505,0.000432,0.516
"2211","MCM4",0.00506,0.000433,0.586
"2212","TOX2",0.00514,0.000443,-0.55
"2213","GHRL",0.00516,0.000445,-0.519
"2214","CSTA",0.00516,0.000445,0.522
"2215","BIRC3",0.00517,0.000446,-0.833
"2216","",0.00521,0.00045,0.778
"2217","FECH",0.00529,0.000458,1.09
"2218","UBE2D2",0.00534,0.000464,-0.519
"2219","SON",0.00536,0.000466,-0.574
"2220","LOC101930164",0.00537,0.000467,0.798
"2221","ARL4A",0.00538,0.000468,0.819
"2222","HMBS",0.0054,0.000471,0.53
"2223","",0.0055,0.00048,-0.802
"2224","STAT1",0.00552,0.000483,0.501
"2225","FADS1",0.00557,0.000487,0.52
"2226","WHAMM",0.00557,0.000487,-0.512
"2227","HIST1H2AM",0.00567,0.000499,0.619
"2228","GBP1",0.00567,5e-04,0.747
"2229","HLA-DPB1",0.00574,0.000507,-0.596
"2230","DPRXP4",0.00576,0.00051,-0.637
"2231","RHCE",0.00577,0.000511,1.04
"2232","MTFR2",0.00583,0.000518,0.501
"2233","DYRK3",0.0059,0.000525,0.634
"2234","NDN",0.00596,0.000532,0.758
"2235","NDUFAF3",0.00604,0.00054,0.752
"2236","",0.00611,0.000548,-0.617
"2237","NAIP",0.00613,0.000551,0.756
"2238","SELPLG",0.00626,0.000564,-0.646
"2239","",0.00634,0.000572,0.544
"2240","COG5",0.00636,0.000574,-0.514
"2241","NCAPG2",0.00638,0.000577,0.625
"2242","",0.00638,0.000577,-0.662
"2243","KRT72",0.00647,0.000588,-0.642
"2244","",0.00648,0.000589,0.684
"2245","",0.00657,0.000598,-0.546
"2246","EGR1",0.00657,0.000598,0.522
"2247","",0.00661,0.000603,-0.673
"2248","VPS41",0.00663,0.000605,-0.65
"2249","MISP3",0.00666,0.000609,0.674
"2250","NUFIP2",0.00673,0.000617,-0.594
"2251","HELB",0.00676,0.000621,-0.62
"2252","LGALSL",0.0068,0.000626,0.678
"2253","",0.00682,0.000628,0.534
"2254","MRPL43",0.00682,0.000628,-0.661
"2255","SDF4",0.00684,0.00063,-0.532
"2256","SNCA",0.00686,0.000633,0.967
"2257","EPB41L3",0.00689,0.000636,0.562
"2258","COL17A1",0.00691,0.000638,0.794
"2259","NOD2",0.00692,0.00064,0.514
"2260","COL1A1",0.00696,0.000644,-0.612
"2261","",0.00699,0.000647,-0.529
"2262","CCL2",0.007,0.000648,1.05
"2263","TMEM86B",0.00703,0.000653,0.681
"2264","SSPN",0.0071,0.000661,-0.634
"2265","SMIM3",0.00713,0.000665,0.581
"2266","RPGRIP1",0.00718,0.000671,-0.549
"2267","SH3BP4",0.00718,0.000671,-0.521
"2268","ROBO3",0.00724,0.000678,-0.521
"2269","GCH1",0.00726,0.000681,0.617
"2270","OAS2",0.00731,0.000687,0.661
"2271","FYN",0.0074,0.000698,-0.532
"2272","HES4",0.00741,0.000699,0.685
"2273","ZBP1",0.00755,0.000715,0.607
"2274","DDX58",0.00764,0.000725,0.507
"2275","SOS 1",0.00768,0.00073,-0.655
"2276","COL3A1",0.00778,0.000742,-0.681
"2277","LIMK2",0.00778,0.000742,0.554
"2278","",0.00779,0.000743,-0.569
"2279","SLC11A1",0.00797,0.000764,0.516
"2280","TRPM4",0.00799,0.000767,0.602
"2281","C2orf88",0.00802,0.00077,0.597
"2282","CXCL10",0.00802,0.000771,1.31
"2283","CXCL8",0.00805,0.000774,-0.9
"2284","RNF10",0.00807,0.000777,0.669
"2285","",0.00808,0.000778,-0.518
"2286","TPGS2",0.00822,0.000794,0.739
"2287","TSPAN2",0.00824,0.000796,0.591
"2288","SNORD21",0.00825,0.000798,-0.506
"2289","",0.00834,0.000808,-0.576
"2290","SOCS3",0.00842,0.000817,0.714
"2291","CACNA2D3",0.00849,0.000825,-0.548
"2292","",0.00859,0.000836,-0.833
"2293","SMPDL3A",0.00875,0.000855,0.55
"2294","SLC22A15",0.00878,0.000859,0.536
"2295","LRRN3",0.00885,0.000867,-0.504
"2296","SVIL",0.00885,0.000868,-0.655
"2297","TSC22D3",0.00889,0.000872,-0.704
"2298","EIF2AK2",0.00891,0.000875,0.561
"2299","CITED4",0.00897,0.000881,0.518
"2300","",0.00904,0.000892,-0.524
"2301","OLFM4",0.00904,0.000892,1.01
"2302","GRN",0.00906,0.000895,0.549
"2303","MZB1",0.00925,0.000917,-0.53
"2304","ANGPT1",0.00929,0.000922,-0.545
"2305","AMMECR1",0.00948,0.000944,-0.621
"2306","WARS",0.00962,0.000961,0.53
"2307","NT5DC2",0.00979,0.00098,0.513
"2308","SETD9",0.00983,0.000984,0.646
"2309","PRUNE2",0.00987,0.000989,0.676
"2310","PLOD2",0.0099,0.000993,0.617
"2311","IFIT3",0.0101,0.00101,1.31
"2312","TSPAN2",0.0101,0.00102,0.63
"2313","DENND5B",0.0101,0.00102,-0.592
"2314","LILRA5",0.0102,0.00103,0.698
"2315","PPARG",0.0102,0.00103,0.529
"2316","HELZ2",0.0104,0.00105,0.526
"2317","PTGDR2",0.0104,0.00105,-0.764
"2318","CCNE1",0.0104,0.00105,0.505
"2319","",0.0104,0.00106,-0.66
"2320","OR2A1",0.0105,0.00107,-0.517
"2321","",0.0105,0.00107,-0.542
"2322","",0.0107,0.00109,-0.605
"2323","",0.0108,0.00111,0.669
"2324","KCTD14",0.0109,0.00112,0.662
"2325","DMTN",0.011,0.00113,0.775
"2326","",0.0111,0.00114,-0.597
"2327","CCL3L1",0.0112,0.00115,0.584
"2328","RBPMS2",0.0112,0.00115,-0.548
"2329","PDZK1IP1",0.0113,0.00116,-0.96
"2330","PTMS",0.0114,0.00118,0.527
"2331","DYRK3",0.0114,0.00118,0.503
"2332","C17orf75",0.0115,0.00119,-0.691
"2333","MTUS1",0.0115,0.0012,-0.56
"2334","KCNA3",0.0116,0.00121,-0.604
"2335","CCNA1",0.0116,0.00121,0.602
"2336","NXPE3",0.0117,0.00122,-0.583
"2337","HMGB2",0.0118,0.00122,0.516
"2338","",0.0121,0.00126,0.596
"2339","",0.0122,0.00128,-0.628
"2340","FAM104A",0.0123,0.00129,0.529
"2341","KRT1",0.0127,0.00134,1.17
"2342","PADI4",0.0128,0.00135,0.521
"2343","CD177",0.0128,0.00135,0.834
"2344","",0.0128,0.00136,-0.546
"2345","",0.0129,0.00137,-0.531
"2346","",0.0129,0.00137,0.517
"2347","SEPT6",0.013,0.00138,-0.502
"2348","HMOX1",0.0131,0.00139,0.526
"2349","IL6R",0.0133,0.00142,-0.585
"2350","GLUL",0.0133,0.00142,0.522
"2351","ALPL",0.0135,0.00144,0.765
"2352","USP12",0.0135,0.00145,0.524
"2353","SDHAP3",0.0136,0.00146,-0.565
"2354","HDC",0.0139,0.0015,-0.633
"2355","MARCH3",0.0139,0.0015,-0.61
"2356","MYOF",0.0145,0.00157,0.57
"2357","SF1",0.0147,0.0016,-0.503
"2358","TFF3",0.0149,0.00163,1.01
"2359","NFIA",0.0154,0.00169,-0.536
"2360","",0.0155,0.00171,-0.509
"2361","",0.0159,0.00176,-0.548
"2362","HMBS",0.0159,0.00176,0.84
"2363","ZKSCAN1",0.0163,0.00182,-0.622
"2364","C5AR1",0.0163,0.00182,0.507
"2365","WDR11",0.0166,0.00187,-1.02
"2366","",0.0166,0.00187,-0.601
"2367","TNFRSF21",0.0167,0.00187,-0.503
"2368","PNMA3",0.0167,0.00188,-0.615
"2369","EMP1",0.0169,0.0019,0.513
"2370","IFNG",0.0174,0.00197,0.641
"2371","DDX17",0.018,0.00205,-0.642
"2372","KCNJ2",0.0185,0.00212,0.503
"2373","",0.0193,0.00224,0.568
"2374","CRISP2",0.0195,0.00226,0.545
"2375","SRXN1",0.0195,0.00226,0.505
"2376","NEXN",0.0197,0.00228,0.5
"2377","ATP2B4",0.0198,0.00231,-0.603
"2378","",0.0199,0.00231,-0.681
"2379","",0.0199,0.00232,-0.587
"2380","THBS1",0.0199,0.00232,-0.609
"2381","ZDHHC19",0.0203,0.00239,1.05
"2382","KMT2C",0.0204,0.00239,-0.511
"2383","",0.0207,0.00244,-0.518
"2384","",0.0208,0.00245,-0.54
"2385","HBQ1",0.0208,0.00245,0.724
"2386","",0.0208,0.00246,-0.762
"2387","FKBP8",0.0209,0.00246,0.614
"2388","OAS2",0.021,0.00248,0.516
"2389","DEFB1",0.0211,0.0025,0.54
"2390","",0.0211,0.0025,-0.731
"2391","PTGDR",0.0212,0.00252,-0.564
"2392","",0.0213,0.00254,-0.644
"2393","RNF19A",0.0215,0.00257,-0.542
"2394","ANK1",0.0217,0.00259,0.666
"2395","KAT2B",0.0219,0.00262,0.552
"2396","",0.022,0.00263,-0.536
"2397","STAT1",0.0223,0.00268,0.563
"2398","COL1A2",0.0225,0.0027,-0.705
"2399","C9orf72",0.023,0.00278,0.521
"2400","TSPO2",0.023,0.00279,0.52
"2401","USF1",0.0234,0.00283,-0.535
"2402","SMIM24",0.0236,0.00286,0.69
"2403","TMEM176B",0.0237,0.00289,0.813
"2404","IRX3",0.024,0.00294,-0.527
"2405","RHD",0.0243,0.00297,1.02
"2406","RMND5A",0.0243,0.00298,0.501
"2407","SERPINA1",0.0252,0.00311,0.704
"2408","DCN",0.0253,0.00313,-0.581
"2409","PID1",0.0257,0.00319,-0.576
"2410","MYBPC3",0.0259,0.00322,0.55
"2411","LAMP3",0.026,0.00323,0.957
"2412","IKZF3",0.026,0.00324,-0.591
"2413","",0.0262,0.00327,-0.568
"2414","VPREB1",0.0272,0.00342,-0.583
"2415","CEACAM3",0.0274,0.00344,0.521
"2416","ARL4A",0.0276,0.00349,0.545
"2417","PAGE2",0.0286,0.00364,0.56
"2418","",0.0286,0.00365,0.717
"2419","TMEM63B",0.0286,0.00365,0.632
"2420","MYL9",0.0286,0.00365,0.69
"2421","",0.029,0.00371,-0.523
"2422","CRISP3",0.0291,0.00372,0.623
"2423","TMEM158",0.0293,0.00376,0.661
"2424","RASSF5",0.0299,0.00385,-0.541
"2425","",0.0305,0.00395,-0.567
"2426","CAV1",0.031,0.00402,0.563
"2427","",0.0317,0.00414,-0.502
"2428","LILRA5",0.0326,0.00429,0.66
"2429","GLRX5",0.0328,0.00432,0.51
"2430","ATRX",0.0338,0.00448,-0.564
"2431","YPEL4",0.034,0.00451,0.544
"2432","LRG1",0.0341,0.00454,0.522
"2433","MCM4",0.0345,0.0046,0.5
"2434","APOBEC3B",0.0348,0.00465,0.652
"2435","IFIT2",0.0349,0.00467,0.674
"2436","",0.035,0.00468,-0.626
"2437","CA2",0.0355,0.00475,0.52
"2438","ALAS2",0.0357,0.00479,0.906
"2439","PTGDR",0.0364,0.00491,-0.52
"2440","COCH",0.0366,0.00495,-0.535
"2441","GPR146",0.0367,0.00497,0.686
"2442","GYPE",0.037,0.00502,0.652
"2443","CXCR4",0.0385,0.00527,-0.582
"2444","CABP5",0.0387,0.0053,-0.611
"2445","",0.0388,0.00532,-0.536
"2446","RORA",0.0415,0.00578,-0.538
"2447","SLC6A8",0.0418,0.00583,0.731
"2448","NR2C2",0.0419,0.00585,-0.51
"2449","",0.0421,0.00589,0.523
"2450","LSP1",0.0424,0.00595,-0.503
"2451","CCL8",0.0432,0.00609,0.913
"2452","",0.0435,0.00614,0.748
"2453","",0.0457,0.00652,0.576
"2454","PROK2",0.0466,0.00667,0.584
"2455","DISC1",0.0467,0.00669,-0.603
"2456","DNAAF1",0.0474,0.00682,0.578
"2457","",0.0493,0.00716,-0.529
